Extreme_Base_HP,Extreme_Base_ATK,Extremew_Base_DEF,Extreme_55%_HP,Extreme_55%_ATK,Extreme_55%_DEF,Extreme_100%_HP,Extreme_100%_ATK,Extreme_100%_DEF,Super_Base_HP,Super_Base_ATK,Super_Base_DEF,Super_55%_HP,Super_55%_ATK,Super_55%_DEF,Super_100%_HP,Super_100%_ATK,Super_100%_DEF
"9,843","9,243","4,532","12,643","12,043","7,332","16,843","16,803","10,972","9,500","8,672","4,623","12,300","11,472","7,423","15,940","15,672","12,183"
"9,792","8,432","6,034","12,592","11,232","8,834","16,232","15,992","13,034","10,750","10,200","4,125","13,550","13,000","6,925","17,750","17,760","10,565"
"11,050","7,749","3,542","13,850","10,549","6,342","18,610","14,749","9,982","9,306","8,478","4,708","12,106","11,278","7,508","16,306","15,478","11,708"
"7,945","9,219","4,222","10,745","12,019","7,022","14,945","16,219","11,222","9,695","8,556","4,417","12,495","11,356","7,217","16,695","16,116","10,857"
"9,250","8,700","4,875","12,050","11,500","7,675","16,810","15,700","11,315","8,722","8,950","3,785","11,522","11,750","6,585","15,162","16,510","10,785"
"10,350","9,500","3,325","12,350","11,500","5,325","15,750","14,500","7,925","11,150","10,840","4,225","13,150","12,840","6,225","15,750","15,840","9,625"
"10,017","9,181","3,999","12,017","11,181","5,999","15,017","14,181","8,999","9,412","9,357","4,906","11,412","11,357","6,906","14,012","14,757","9,906"
"9,350","8,980","4,475","11,350","10,980","6,475","13,950","14,380","9,475","8,550","9,300","4,475","10,550","11,300","6,475","13,150","14,300","9,875"
"9,520","8,803","7,011","11,520","10,803","9,011","14,520","14,203","11,611","10,300","11,500","4,551","12,300","13,500","6,551","15,700","16,500","9,151"
"9,950","8,700","4,525","11,950","10,700","6,525","15,350","13,700","9,125","9,524","9,074","4,754","11,524","11,074","6,754","14,524","14,074","9,754"
"11,420","10,100","4,755","13,420","12,100","6,755","16,020","15,100","10,155","9,212","9,351","4,752","11,212","11,351","6,752","14,212","14,351","9,752"
"9,524","8,826","5,064","11,524","10,826","7,064","14,524","14,226","9,664","11,715","10,538","5,470","13,715","12,538","7,470","16,215","15,538","10,870"
"9,318","9,694","4,083","11,318","11,694","6,083","13,918","15,094","9,083","11,333","11,456","4,514","13,333","13,456","6,514","16,333","16,856","9,114"
"11,125","10,950","4,875","13,125","12,950","6,875","16,525","15,950","9,475","10,625","11,350","4,625","12,625","13,350","6,625","15,225","16,750","9,625"
"11,625","10,500","5,188","13,625","12,500","7,188","16,225","15,500","10,588","10,695","11,660","4,578","12,695","13,660","6,578","15,695","16,660","9,578"
"11,875","10,800","4,688","13,875","12,800","6,688","16,875","15,800","9,688","10,500","10,900","5,250","12,500","12,900","7,250","15,900","15,900","9,850"
"11,333","10,793","5,343","13,333","12,793","7,343","16,333","16,193","9,943","11,550","12,140","4,675","13,550","14,140","6,675","16,150","17,540","9,675"
"10,250","11,300","4,875","12,250","13,300","6,875","14,852","16,700","9,875","10,370","11,716","5,045","12,370","13,716","7,045","15,370","17,116","9,645"
"12,900","11,060","5,350","14,900","13,060","7,350","18,300","16,060","9,950","10,760","10,728","6,085","12,760","12,728","8,085","16,160","15,728","10,685"
"11,020","10,208","6,605","13,020","12,208","8,605","16,020","15,208","11,605","11,020","10,728","5,955","13,020","12,728","7,955","16,020","15,728","10,955"
"10,875","11,330","6,025","12,875","13,330","8,025","15,875","16,730","10,625","12,495","11,708","4,743","14,495","13,708","6,743","17,095","17,108","9,743"
"11,410","10,676","5,825","13,410","12,676","7,825","16,010","15,676","11,225","10,335","11,654","5,890","12,335","13,654","7,890","15,335","16,654","10,890"
"11,415","11,870","5,080","13,415","13,870","7,080","16,015","17,270","10,080","9,590","10,780","6,606","11,590","12,780","8,606","14,590","16,180","11,206"
"12,840","10,936","4,785","14,840","12,936","6,785","17,840","16,336","9,385","12,320","10,052","6,150","14,320","12,052","8,150","16,920","15,052","11,550"
"9,460","10,416","7,125","11,460","12,416","9,125","14,060","15,416","12,525","12,580","9,636","6,540","14,580","11,636","8,540","17,980","14,636","11,140"
"12,970","11,040","4,590","14,970","13,040","6,590","17,970","16,040","9,590","10,740","12,086","5,148","12,740","14,086","7,148","15,340","17,486","10,148"
"12,225","11,114","5,620","14,225","13,114","7,620","17,625","16,114","10,220","10,110","10,832","6,280","12,110","12,832","8,280","15,510","15,832","10,880"
"13,360","11,196","4,200","15,360","13,196","6,200","17,960","16,596","9,200","10,605","11,978","5,350","12,605","13,978","7,350","15,205","16,978","10,750"
"13,650","11,720","6,400","15,650","13,720","8,400","18,250","16,720","11,800","11,145","11,492","5,688","13,145","13,492","7,688","15,745","16,492","11,088"
"12,785","12,142","5,555","14,785","14,142","7,555","17,785","17,542","10,155","10,630","10,884","5,955","12,630","12,884","7,955","15,630","15,884","10,955"
"13,075","10,750","7,150","15,075","12,750","9,150","17,675","15,750","12,550","10,470","12,032","5,350","12,470","14,032","7,350","15,870","17,032","9,950"
"12,000","11,540","7,450","14,000","13,540","9,450","16,600","16,940","12,450","12,750","11,600","7,000","14,750","13,600","9,000","17,350","17,000","12,000"
"11,915","12,084","6,063","13,915","14,084","8,063","17,315","17,084","10,663","12,350","11,388","6,715","14,350","13,388","8,715","17,350","16,788","11,315"
"12,640","10,402","7,803","14,640","12,402","9,803","17,640","15,802","12,403","13,665","11,156","6,353","15,665","13,156","8,353","19,065","16,156","10,953"
"13,050","11,840","6,550","15,050","13,840","8,550","17,650","17,240","11,550","12,930","12,664","4,830","14,930","14,664","6,830","17,930","17,664","9,830"
"12,350","11,910","6,063","14,350","13,910","8,063","17,350","16,910","11,063","11,850","12,440","6,400","13,850","14,440","8,400","16,850","17,440","11,400"
"10,465","12,432","6,353","12,465","14,432","8,353","15,065","17,832","11,353","10,950","12,500","6,775","12,950","14,500","8,775","15,550","17,900","11,775"
"18,150","10,460","4,975","20,150","12,460","6,975","23,150","15,860","9,575","11,480","12,026","6,353","13,480","14,026","8,353","16,880","17,026","10,953"
"14,655","9,423","5,582","16,655","11,423","7,582","19,255","14,423","10,982","12,640","11,794","6,063","14,540","13,794","8,063","17,240","16,794","11,463"
"13,075","10,460","7,513","15,075","12,460","9,513","18,075","15,460","12,513","10,900","12,490","6,063","12,900","14,490","8,063","15,900","17,890","10,663"
"13,220","11,098","6,643","15,220","13,098","8,643","18,620","16,098","11,243","11,400","12,020","7,150","13,400","14,020","9,150","16,400","17,020","12,150"
"12,205","11,910","6,135","14,205","13,910","8,135","16,805","16,910","11,535","11,045","11,736","6,933","13,045","13,736","8,933","16,045","17,136","11,533"
"11,335","11,156","7,513","13,335","13,156","9,513","16,335","16,556","12,113","12,350","11,968","5,990","14,350","13,968","7,990","16,950","17,368","10,990"
"11,850","10,820","8,425","13,850","12,820","10,425","16,850","15,820","13,425","12,350","12,780","4,975","14,350","14,780","6,975","17,350","17,780","9,975"
"15,685","8,256","8,963","17,685","10,256","10,963","21,085","13,256","13,563","12,600","11,900","6,700","14,600","13,900","8,700","17,200","16,900","12,100"
"12,750","10,400","8,500","14,750","12,400","10,500","17,750","15,400","13,500","12,495","12,258","5,555","14,495","14,258","7,555","17,895","17,258","10,155"
"12,785","11,987","5,769","15,585","14,787","8,569","19,785","19,547","12,209","16,555","8,546","8,165","18,555","10,546","10,165","21,555","13,946","12,765"
"11,928","10,129","5,516","14,728","13,406","8,530","19,488","17,606","12,170","15,750","10,220","7,225","17,750","12,220","9,225","21,150","15,220","11,825"
"12,589","11,007","7,443","15,389","13,807","10,243","19,029","18,567","14,443","14,400","9,800","8,425","16,400","11,800","10,425","19,400","14,800","13,425"
"13,915","9,064","3,763","16,715","11,864","6,563","21,475","16,064","10,203","14,235","10,924","6,353","16,235","12,924","8,353","18,835","15,924","11,753"
"9,215","11,685","4,495","12,015","14,485","7,295","16,215","18,685","11,495","11,770","12,200","5,990","13,770","14,200","7,990","16,770","17,600","10,590"
"12,341","11,853","5,907","14,341","13,853","7,907","16,941","17,253","10,907","12,640","11,156","6,860","14,640","13,156","8,860","17,240","16,556","11,860"
"13,105","11,458","5,960","15,105","13,458","7,960","18,505","16,458","10,560","12,060","12,374","5,628","14,060","14,374","7,628","16,660","17,374","11,028"
"12,532","11,876","5,056","14,532","13,876","7,056","17,532","16,876","10,056","13,800","10,402","7,223","15,800","12,402","9,223","19,200","15,402","11,823"
"11,188","10,024","3,560","13,188","12,024","5,560","16,588","15,024","8,160","13,510","12,084","5,265","15,510","14,084","7,265","18,510","17,484","9,865"
"11,828","11,389","6,401","13,828","13,389","8,401","16,828","16,789","11,001","13,220","10,460","7,440","15,220","12,460","9,440","18,220","15,460","12,440"
"12,548","11,643","9,310","14,548","13,643","11,310","17,548","17,043","13,910","14,960","9,300","8,020","16,960","11,300","10,020","19,560","14,700","13,020"
"12,273","12,768","5,378","14,273","14,768","7,378","16,873","18,168","10,378","13,655","10,054","7,730","15,655","12,054","9,730","19,055","15,054","12,330"
"14,038","12,416","5,845","16,038","14,416","7,845","18,638","17,416","11,245","13,075","9,300","8,963","15,075","11,300","10,963","18,075","14,700","13,563"
"12,956","14,283","6,162","14,956","16,283","8,162","17,556","19,683","11,162","13,075","10,170","7,875","15,075","12,170","9,875","17,675","15,170","13,275"
"16,254","14,075","6,862","18,254","16,075","8,862","20,854","19,075","12,262","14,235","9,996","7,513","16,235","11,996","9,513","18,835","15,396","12,513"
"15,033","13,673","5,935","17,033","15,673","7,935","20,033","18,673","10,935","14,525","10,866","6,280","16,525","12,866","8,280","19,525","15,866","11,280"
"14,325","13,642","6,753","16,325","15,642","8,753","19,325","19,042","11,353","11,045","10,170","8,890","13,045","12,170","10,890","16,445","15,170","13,490"
"14,653","14,422","6,421","16,653","16,422","8,421","20,053","19,422","11,021","11,190","12,548","5,845","13,190","14,548","7,845","15,790","17,548","11,245"
"15,265","15,874","6,793","17,265","17,874","8,793","19,865","21,274","11,793","12,900","9,980","8,950","14,900","11,980","10,950","17,500","15,380","13,950"
"13,360","11,196","4,200","15,360","13,196","6,200","17,960","16,596","9,200","9,450","13,998","4,903","11,450","15,998","6,903","14,050","19,398","9,903"
"16,305","13,979","6,763","18,305","15,979","8,763","21,705","18,979","11,363","19,745","9,300","5,628","21,745","11,300","7,628","24,745","14,300","10,628"
"14,959","13,997","7,637","16,959","15,997","9,637","19,559","18,997","13,037","13,945","10,518","7,005","15,945","12,518","9,005","18,945","15,918","11,605"
"13,929","12,902","8,348","15,929","14,902","10,348","18,929","17,902","13,348","14,670","9,822","7,513","16,670","11,822","9,513","19,270","14,822","12,913"
"13,745","14,321","7,616","15,745","16,321","9,616","18,745","19,721","12,216","12,750","10,700","8,125","14,750","12,700","10,125","17,750","16,100","12,725"
"12,651","13,929","9,528","14,651","15,929","11,528","17,251","18,929","14,928","12,527","11,111","5,796","15,327","13,911","8,596","18,967","18,111","13,356"
"12,785","12,142","5,555","14,785","14,142","7,555","17,785","17,542","10,155","11,892","10,308","5,744","14,692","13,108","8,544","18,892","17,308","12,744"
"16,348","14,863","7,515","18,348","16,863","9,515","21,748","19,863","12,115","11,322","11,663","4,499","14,122","14,463","7,299","17,762","19,223","11,499"
"17,171","14,625","6,399","19,171","16,625","8,399","22,171","20,025","10,999","12,311","10,786","5,431","15,111","13,586","8,231","19,311","18,436","11,871"
"18,254","15,673","8,559","20,254","17,673","10,559","22,854","20,673","13,959","13,075","12,832","4,430","15,875","15,632","7,230","20,075","20,392","10,870"
"17,344","14,764","6,138","19,344","16,764","8,138","22,344","19,764","11,138","12,587","12,610","6,560","14,587","14,610","8,560","17,187","18,010","11,560"
"17,484","14,376","9,562","19,484","16,376","11,562","22,084","19,376","14,962","11,672","12,626","6,103","13,672","14,626","8,103","16,272","17,626","11,503"
"9,123","7,732","5,432","11,123","9,732","7,432","14,123","12,732","10,432","13,807","13,705","5,074","15,807","15,705","7,074","18,407","18,705","10,474"
"9,964","8,099","3,640","11,964","10,099","5,640","14,564","13,099","9,040","12,133","12,316","6,259","14,133","14,316","8,259","17,133","17,316","11,259"
"8,423","7,031","4,750","10,423","9,031","6,750","13,423","12,031","9,750","12,544","11,952","6,261","14,544","13,952","8,261","17,544","16,952","11,261"
"8,670","7,526","4,008","10,670","9,526","6,008","13,670","12,526","9,008","12,661","14,137","5,594","14,661","16,137","7,594","18,061","19,137","10,194"
"8,835","7,493","5,575","10,835","9,493","7,575","13,835","12,493","10,575","13,518","14,738","5,787","15,518","16,738","7,787","18,518","19,738","10,787"
"10,100","7,104","4,195","12,100","9,104","6,195","15,100","12,104","9,195","13,550","15,280","7,723","15,550","17,280","9,723","18,550","20,280","12,723"
"9,481","8,683","3,566","11,481","10,683","5,566","14,081","14,083","8,566","13,272","13,778","6,636","15,272","15,778","8,636","18,672","18,778","11,236"
"8,837","8,279","4,393","10,837","10,279","6,393","13,437","13,279","9,793","14,807","13,320","6,914","16,807","15,320","8,914","19,407","18,320","12,314"
"9,035","8,132","4,815","11,035","10,132","6,815","14,035","13,132","9,815","14,325","14,480","5,706","16,325","16,480","7,706","19,325","19,880","10,306"
"8,295","7,934","6,700","10,295","9,934","8,700","13,695","12,934","11,300","10,625","11,350","4,625","12,625","13,350","6,625","15,225","16,750","9,625"
"9,940","7,544","4,761","11,940","9,544","6,761","14,940","12,944","9,361","10,605","11,978","5,350","12,605","13,978","7,350","15,205","16,978","10,750"
"8,947","8,232","4,584","10,947","10,232","6,584","13,947","13,232","9,584","15,901","12,179","8,267","17,901","14,179","10,267","21,301","17,179","12,867"
"8,019","8,742","4,786","10,019","10,742","6,786","12,619","14,142","9,786","14,599","15,344","5,909","16,599","17,344","7,909","19,199","20,744","10,909"
"8,402","8,665","4,690","10,402","10,665","6,690","13,402","13,665","9,690","16,152","13,179","8,063","18,152","15,179","10,063","20,752","18,179","13,463"
"8,211","8,703","4,738","10,211","10,703","6,738","13,211","14,103","9,338","13,107","14,809","6,377","15,107","16,809","8,377","18,107","20,209","10,977"
"9,529","8,107","4,637","11,529","10,107","6,637","14,129","13,507","9,637","15,793","14,799","5,995","17,793","16,799","7,995","20,393","20,199","10,995"
"10,095","9,548","4,143","12,095","11,548","6,143","14,695","14,948","9,143","14,364","16,162","6,884","16,364","18,162","8,884","18,964","21,562","11,884"
"9,413","8,158","4,444","11,413","10,158","6,444","14,013","13,158","9,844","16,515","15,229","8,980","18,515","17,229","10,980","21,515","20,629","13,580"
"9,021","7,691","5,036","11,021","9,691","7,036","13,621","12,691","10,436","10,630","10,884","5,955","12,630","12,884","7,955","15,630","15,884","10,955"
"8,761","8,381","4,491","10,761","10,381","6,491","13,761","13,381","9,491","13,929","13,560","7,527","15,929","15,560","9,527","18,929","18,560","12,527"
"9,907","7,805","4,826","11,907","9,805","6,826","14,907","12,805","9,826","14,904","15,368","7,607","16,904","17,368","9,607","19,504","20,368","13,007"
"9,529","8,031","4,731","11,529","10,031","6,731","14,529","13,431","9,331","13,600","13,560","7,692","15,600","15,560","9,692","19,000","18,560","12,292"
"8,145","7,920","4,153","9,345","9,120","5,353","11,145","11,160","6,913","14,577","16,703","8,108","16,577","18,703","10,108","19,577","22,103","12,708"
"8,378","7,360","5,771","10,378","9,360","7,771","13,778","12,360","10,371","13,520","14,485","8,398","15,520","16,485","10,398","18,920","19,485","12,998"
"9,057","8,447","4,448","11,057","10,447","6,448","13,657","13,847","9,448","13,665","11,156","6,353","15,665","13,156","8,353","19,065","16,156","10,953"
"8,880","7,173","6,316","10,880","9,173","8,316","13,880","12,173","11,316","11,480","12,026","6,353","13,480","14,026","8,353","16,880","17,026","10,953"
"8,286","8,279","4,669","10,286","10,279","6,669","12,886","13,279","10,069","14,002","16,090","7,154","16,002","18,090","9,154","19,402","21,090","11,754"
"9,021","7,801","4,898","11,021","9,801","6,898","14,021","13,201","9,498","17,050","15,512","9,361","19,050","17,512","11,361","21,650","20,912","14,361"
"9,481","7,838","4,623","11,481","9,838","6,623","14,881","12,838","9,223","17,291","16,935","6,459","19,291","18,935","8,459","22,291","21,935","11,459"
"9,021","8,132","4,485","11,021","10,132","6,485","14,021","13,132","9,485","11,910","13,388","8,205","13,910","15,388","10,205","16,910","18,788","12,805"
"9,320","8,456","4,118","11,320","10,456","6,118","14,720","13,456","8,718","8,571","8,123","4,277","10,571","10,123","6,277","13,571","13,523","8,877"
"8,481","8,158","4,910","10,481","10,158","6,910","13,481","13,158","9,910","8,588","7,460","4,131","10,588","9,460","6,131","13,588","12,460","9,131"
"9,849","7,727","4,577","11,848","9,727","6,577","14,448","12,727","9,977","9,083","6,767","5,456","11,083","8,767","7,456","14,083","11,767","10,456"
"9,134","8,344","4,351","11,134","10,344","6,351","14,534","13,344","8,951","8,753","7,790","3,636","10,753","9,790","5,636","13,753","12,790","8,636"
"10,251","7,822","4,444","12,251","9,822","6,444","14,851","12,822","9,844","8,588","7,493","4,750","10,588","9,493","6,750","13,588","12,493","9,750"
"9,972","8,046","4,304","11,972","10,046","6,304","15,372","13,046","8,904","9,092","7,741","4,188","11,092","9,741","6,188","13,692","12,741","9,588"
"9,274","8,170","4,424","11,274","10,170","6,424","14,274","13,170","9,424","8,310","7,671","4,666","10,310","9,671","6,666","13,710","12,671","9,266"
"8,996","8,058","4,702","10,996","10,058","6,702","14,396","13,058","9,302","7,702","8,158","4,362","9,702","10,158","6,362","12,302","13,558","9,362"
"8,162","9,096","3,821","10,162","11,096","5,821","13,162","14,496","8,421","8,137","8,679","3,493","10,137","10,679","5,493","13,137","14,079","8,093"
"8,069","8,874","4,146","10,069","10,874","6,146","13,069","14,274","8,746","8,423","7,802","4,751","10,423","9,802","6,751","13,823","12,802","9,351"
"9,812","7,918","4,731","11,812","9,918","6,731","14,812","13,318","9,331","9,353","7,915","4,730","11,353","9,915","6,730","13,953","13,315","9,730"
"7,058","7,299","3,598","9,058","9,299","5,598","11,658","12,699","8,598","9,266","8,019","5,010","11,266","10,019","7,010","14,266","13,019","10,010"
"8,347","8,725","4,192","10,347","10,725","6,192","12,947","13,725","9,592","8,745","7,985","4,806","10,745","9,985","6,806","13,745","13,385","9,406"
"8,903","8,429","4,285","10,903","10,429","6,285","13,903","13,429","9,285","9,113","8,544","4,117","11,113","10,544","6,117","13,713","13,544","9,517"
"7,727","9,430","4,259","9,727","11,430","6,259","12,727","14,830","8,859","9,572","7,923","4,025","11,572","9,923","6,025","14,172","13,323","9,025"
"8,396","8,673","4,495","10,396","10,673","6,495","13,796","13,673","9,095","8,655","7,920","4,380","10,655","9,920","6,380","13,255","13,320","9,380"
"10,664","7,873","4,099","12,664","9,873","6,099","15,664","13,273","8,699","9,076","7,964","4,168","11,076","9,964","6,168","13,676","12,964","9,568"
"7,143","9,244","4,146","9,143","11,244","6,146","12,143","14,644","8,746","9,220","8,236","4,131","11,220","10,236","6,131","13,820","13,636","9,131"
"10,001","7,767","4,826","12,001","9,767","6,826","15,401","12,767","9,426","8,899","7,433","4,921","10,899","9,433","6,921","14,299","12,433","9,521"
"9,270","8,756","5,193","11,270","10,756","7,193","13,870","13,756","10,593","9,021","7,801","4,898","11,021","9,801","6,898","13,621","12,801","10,298"
"10,091","8,263","5,398","12,091","10,263","7,398","14,691","13,263","10,798","9,756","8,095","4,163","11,756","10,095","6,163","14,356","13,495","9,163"
"8,474","8,134","4,717","10,474","10,134","6,717","13,074","13,134","10,117","8,653","7,874","4,990","10,653","9,874","6,990","13,653","12,874","9,990"
"9,577","7,583","4,901","11,577","9,583","6,901","14,577","12,583","9,901","8,230","7,546","4,578","10,230","9,546","6,578","13,230","12,546","9,578"
"9,681","9,741","3,756","11,681","11,741","5,756","14,681","15,141","8,356","8,570","7,478","4,493","10,570","9,478","6,493","13,570","12,878","9,093"
"9,578","8,674","5,142","11,578","10,674","7,142","14,178","13,674","10,542","9,572","7,874","4,531","11,572","9,874","6,531","14,172","12,874","9,931"
"10,425","9,350","5,350","12,425","11,350","7,350","15,425","14,350","10,350","8,286","8,573","4,301","10,286","10,573","6,301","13,286","13,973","8,901"
"8,757","9,248","4,834","10,757","11,248","6,834","14,157","14,248","9,434","8,102","8,573","4,393","10,102","10,573","6,393","12,702","13,573","9,793"
"9,102","9,388","4,749","11,102","11,388","6,749","13,702","14,788","9,749","9,389","8,279","4,117","11,389","10,279","6,117","14,389","13,679","8,717"
"9,415","9,806","4,070","11,415","11,806","6,070","14,415","14,806","9,070","9,848","7,838","4,439","11,848","9,838","6,439","14,848","13,238","9,039"
"7,356","9,973","4,801","9,536","11,973","6,801","12,936","14,973","9,401","8,378","8,279","4,623","10,378","10,279","6,623","12,978","13,679","9,623"
"9,975","9,800","5,013","11,975","11,800","7,013","14,575","14,800","10,413","8,745","8,610","4,025","10,745","10,610","6,025","13,745","14,010","8,625"
"9,475","9,289","4,423","11,475","11,289","6,423","14,875","14,289","9,023","9,418","8,150","5,775","11,418","10,150","7,775","14,818","13,150","10,375"
"10,538","8,990","5,744","12,538","10,990","7,744","15,538","14,390","10,344","9,297","8,095","4,393","11,297","10,095","6,393","13,897","13,495","9,393"
"11,325","9,035","5,294","13,325","11,035","7,294","15,925","14,435","10,294","9,205","7,985","4,577","11,205","9,985","6,577","14,605","12,985","9,177"
"8,654","9,043","5,142","10,654","11,043","7,142","13,254","14,443","10,142","8,740","7,682","4,153","10,740","9,682","6,153","13,340","12,682","9,553"
"8,321","8,631","6,198","10,321","10,631","8,198","13,721","13,631","10,798","10,355","7,070","4,110","12,355","9,070","6,110","15,355","12,470","8,710"
"11,888","8,765","5,350","13,888","10,765","7,350","17,288","13,765","9,950","8,010","8,646","4,347","10,010","10,646","6,347","13,010","14,046","8,947"
"6,808","8,533","5,285","8,808","10,533","7,285","11,808","13,533","10,285","9,021","8,169","4,439","11,021","10,169","6,439","14,421","13,169","9,030"
"10,810","8,468","4,628","12,810","10,468","6,628","15,410","13,468","10,028","8,016","8,344","4,910","10,016","10,344","6,910","12,616","13,344","10,310"
"9,475","8,797","5,039","11,475","10,797","7,039","14,075","13,797","10,439","8,562","8,169","4,669","10,562","10,169","6,669","13,562","13,569","9,269"
"9,584","9,129","4,580","11,584","11,129","6,580","14,184","14,529","9,580","9,205","7,544","5,128","11,205","9,544","7,128","14,605","12,544","9,728"
"11,536","8,061","4,939","13,536","10,061","6,939","16,136","13,461","9,939","8,286","8,536","4,347","10,286","10,536","6,347","12,886","13,536","9,747"
"10,920","8,390","4,837","12,920","10,390","6,837","15,920","13,390","9,837","8,947","8,120","4,724","10,947","10,120","6,724","14,347","13,120","9,324"
"9,995","8,513","5,145","11,995","10,513","7,145","15,395","13,513","9,745","9,320","8,008","4,677","11,320","10,008","6,677","14,320","13,408","9,277"
"10,981","8,971","4,331","12,981","10,971","6,331","15,581","13,971","9,731","9,227","8,269","4,398","11,227","10,269","6,398","14,227","13,669","8,998"
"8,352","9,417","4,837","10,352","11,417","6,837","12,952","14,417","10,237","9,897","7,599","4,910","11,897","9,599","6,910","15,297","12,599","9,510"
"13,945","11,446","5,845","15,945","13,446","7,845","18,545","16,846","10,845","9,645","7,938","4,977","11,645","9,938","6,977","14,245","12,938","10,377"
"11,712","8,135","5,010","13,712","10,135","7,010","16,712","13,135","10,010","9,837","8,129","4,642","11,837","10,129","6,642","15,237","13,129","9,242"
"9,995","9,047","4,477","11,995","11,047","6,477","14,995","14,047","9,477","9,246","8,333","4,495","11,246","10,333","6,495","13,846","13,733","9,495"
"7,941","9,746","4,631","9,941","11,746","6,631","12,941","15,146","9,231","9,152","8,296","4,590","11,152","10,296","6,590","13,752","13,696","9,590"
"9,071","9,253","4,683","11,071","11,253","6,683","14,471","14,253","9,283","9,907","7,956","4,637","11,907","9,956","6,637","14,907","13,356","9,237"
"10,707","7,770","5,706","12,707","9,770","7,706","15,307","13,170","10,706","10,190","7,842","4,641","12,190","9,842","6,641","15,590","12,842","9,241"
"8,859","8,797","5,347","10,859","10,797","7,347","13,859","14,197","9,947","7,348","6,980","3,851","9,348","8,980","5,851","12,748","11,980","8,451"
"10,917","7,937","5,401","12,917","9,937","7,401","15,917","13,337","10,001","9,389","7,911","4,577","11,389","9,911","6,577","13,989","12,911","9,977"
"9,475","7,811","6,271","11,475","9,811","8,271","14,475","12,811","11,271","8,745","8,352","4,347","10,745","10,352","6,347","14,145","13,352","8,947"
"9,788","9,128","4,476","11,788","11,128","6,476","14,788","14,528","9,076","8,585","8,711","4,354","10,585","10,711","6,354","13,585","13,711","9,354"
"8,553","9,414","4,732","10,553","11,414","6,732","13,553","14,414","9,735","10,756","7,805","4,401","12,756","9,805","6,401","15,756","13,205","9,001"
"10,194","9,495","3,807","12,194","11,495","5,807","14,794","14,495","9,207","9,529","7,805","5,015","11,529","9,805","7,015","14,129","13,205","10,015"
"6,809","9,251","5,811","8,809","11,251","7,811","11,809","14,251","10,811","9,021","7,433","5,358","11,021","9,433","7,358","13,621","12,833","10,358"
"10,815","8,430","4,836","12,815","10,430","6,836","15,415","13,830","9,836","9,389","8,426","3,933","11,389","10,426","5,933","14,389","13,426","8,933"
"9,582","9,867","3,655","11,582","11,867","5,655","14,582","14,867","8,655","8,929","7,654","5,128","10,929","9,654","7,128","13,929","12,654","10,128"
"9,890","8,512","5,195","11,890","10,512","7,195","14,890","13,912","9,795","8,655","7,410","4,535","9,855","8,610","5,735","11,895","10,410","7,295"
"9,890","9,087","4,476","11,890","11,087","6,476","14,490","14,487","9,476","9,246","8,371","4,448","11,246","10,371","6,448","13,846","13,371","9,848"
"9,685","9,580","3,963","11,685","11,580","5,963","14,685","14,980","8,563","9,718","8,107","4,543","11,718","10,107","6,543","14,318","13,507","9,543"
"13,074","7,403","4,990","15,074","9,403","6,990","18,074","12,403","9,990","8,929","8,021","4,669","10,929","10,021","6,669","13,929","13,021","9,669"
"8,966","7,197","7,301","10,966","9,197","9,301","13,966","12,597","11,901","8,585","8,673","4,401","10,585","10,673","6,401","13,585","14,073","9,001"
"7,426","9,251","5,503","9,426","11,251","7,503","12,426","14,651","10,103","9,021","7,764","4,944","11,021","9,764","6,944","13,621","12,764","10,344"
"9,993","8,964","4,579","11,993","10,964","6,579","15,393","13,964","9,179","8,868","8,333","4,684","10,868","10,333","6,684","13,868","13,733","9,284"
"9,171","9,005","4,938","11,171","11,005","6,938","13,771","14,005","10,338","9,664","7,654","4,761","11,664","9,654","6,761","15,064","12,654","9,361"
"8,672","7,601","5,518","10,672","9,601","7,518","13,672","12,601","10,518","9,481","8,316","4,025","11,481","10,316","6,025","14,081","13,716","9,025"
"11,015","8,017","5,244","13,015","10,017","7,244","16,015","13,418","9,844","9,021","7,948","4,715","11,021","9,948","6,715","14,021","13,348","9,315"
"8,371","9,513","4,958","10,371","11,513","6,958","13,371","14,913","9,558","9,481","7,360","5,220","11,481","9,360","7,220","14,481","12,360","10,220"
"9,102","9,221","4,958","11,102","11,221","6,958","14,502","14,221","9,558","9,664","8,205","4,071","11,664","10,205","6,071","14,264","13,205","9,471"
"8,962","8,017","6,271","10,962","10,017","8,271","13,562","13,417","11,271","8,722","7,114","5,408","10,722","9,114","7,408","13,322","12,514","10,408"
"8,962","8,550","5,604","10,962","10,550","7,604","14,362","13,550","10,204","9,021","8,095","4,531","11,021","10,095","6,531","14,021","13,495","9,131"
"8,243","8,838","5,604","10,243","10,838","7,604","12,843","14,238","10,604","8,745","8,426","4,255","10,745","10,426","6,255","14,145","13,426","8,855"
"11,528","7,811","5,244","13,528","9,811","7,244","16,128","12,811","10,644","8,286","7,470","5,680","10,286","9,470","7,680","12,886","12,470","11,080"
"11,528","7,195","6,014","13,528","9,195","8,014","16,528","12,195","11,014","9,021","7,874","4,806","11,021","9,874","6,806","14,021","13,274","9,406"
"9,886","7,606","6,322","11,886","9,606","8,322","14,486","13,006","11,322","9,786","7,785","4,724","11,786","9,785","6,724","14,386","12,785","10,124"
"10,810","6,667","5,609","12,810","8,667","7,609","15,410","11,667","11,009","9,134","8,232","4,491","11,134","10,232","6,491","14,134","13,632","9,091"
"7,271","8,344","5,283","9,271","10,344","7,283","12,271","13,744","9,883","9,320","8,195","4,444","11,320","10,195","6,444","13,920","13,595","9,444"
"8,449","8,427","6,014","10,449","10,427","8,014","13,849","13,427","10,614","7,923","8,344","4,956","9,923","10,344","6,956","12,523","13,344","10,356"
"9,989","8,879","4,680","11,989","10,879","6,680","14,589","14,279","9,680","8,947","9,238","3,326","10,947","11,238","5,326","13,947","14,638","7,926"
"10,772","8,386","5,166","12,772","10,386","7,166","15,372","13,786","10,166","8,820","8,089","5,438","10,820","10,089","7,438","13,420","13,089","10,838"
"10,564","8,636","4,958","12,564","10,636","6,958","15,164","13,636","10,358","10,251","7,859","4,398","12,251","9,859","6,398","14,851","12,859","9,798"
"11,015","7,729","5,604","13,015","9,729","7,604","16,015","13,129","10,204","9,786","7,934","4,537","11,786","9,934","6,537","14,786","13,334","9,137"
"9,783","7,811","6,117","11,783","9,811","8,117","14,783","12,811","11,117","10,997","8,344","3,420","12,997","10,344","5,420","15,997","13,744","8,020"
"9,989","7,934","5,860","11,989","9,934","7,860","15,389","12,934","10,460","9,692","8,791","3,513","11,692","10,791","5,513","15,092","13,791","8,113"
"10,604","7,976","5,501","12,604","9,976","7,501","16,004","12,976","10,101","8,295","8,865","4,118","10,295","10,865","6,118","13,695","13,865","8,718"
"13,915","9,064","3,763","16,715","11,864","6,563","21,475","16,064","10,203","9,756","7,985","4,301","11,756","9,985","6,301","15,156","12,985","8,901"
"11,694","10,110","6,879","13,694","12,110","8,879","16,694","15,110","11,879","8,837","8,095","4,623","10,837","10,095","6,623","13,837","13,095","9,623"
"11,163","11,668","5,606","13,163","13,668","7,606","15,763","16,668","11,006","6,153","8,679","5,422","8,153","10,679","7,422","11,153","14,079","10,022"
"12,698","9,922","4,358","14,698","11,922","6,358","17,298","14,922","9,758","9,227","8,158","4,537","11,227","10,158","6,537","13,827","13,158","9,937"
"10,348","11,281","6,176","12,348","13,281","8,176","14,948","16,681","11,176","8,947","7,599","5,376","10,947","9,599","7,376","13,547","12,999","10,376"
"10,842","11,181","6,052","12,842","13,181","8,052","15,842","16,181","11,052","8,668","7,897","5,143","10,668","9,897","7,143","13,268","13,297","10,143"
"11,876","9,593","8,447","13,876","11,593","10,447","16,876","14,593","13,447","7,736","7,748","5,795","9,736","9,748","7,795","12,736","13,148","10,395"
"10,595","11,230","6,114","12,595","13,230","8,114","15,595","16,630","10,714","8,854","8,008","4,910","10,854","10,008","6,910","14,254","13,008","9,510"
"13,263","10,449","6,461","15,263","12,449","8,461","18,263","15,449","11,461","9,624","7,880","4,873","11,624","9,880","6,873","14,624","12,880","9,873"
"12,757","10,752","6,334","14,757","12,752","8,334","17,757","16,152","10,934","8,963","8,371","4,590","10,963","10,371","6,590","14,363","13,371","9,190"
"10,927","9,352","5,862","12,927","11,352","7,862","15,927","14,352","10,862","8,811","8,281","4,516","10,811","10,281","6,516","13,811","13,681","9,116"
"10,334","12,611","5,696","12,334","14,611","7,696","15,334","18,011","10,296","9,089","7,947","4,794","11,089","9,947","6,794","13,689","13,347","9,794"
"11,664","10,928","5,798","13,664","12,928","7,798","16,264","15,928","11,198","8,653","8,058","4,761","10,653","10,058","6,761","13,253","13,058","10,161"
"11,926","10,734","6,355","13,926","12,734","8,355","16,926","15,734","11,355","9,297","7,617","4,990","11,297","9,617","6,990","14,297","12,617","9,990"
"11,335","9,513","7,110","13,335","11,513","9,110","16,335","14,513","12,110","9,113","7,727","4,944","11,113","9,727","6,944","14,513","12,727","9,544"
"13,296","12,575","5,457","15,296","14,575","7,457","17,896","17,975","10,457","7,513","8,948","4,331","9,513","10,948","6,331","12,913","13,948","8,931"
"11,228","11,598","6,011","13,228","13,598","8,011","16,628","16,598","10,611","11,219","6,020","6,138","13,219","8,020","8,138","16,219","11,020","11,138"
"11,015","10,535","8,897","13,015","12,535","10,897","16,415","15,535","13,497","8,533","8,911","3,868","10,533","10,911","5,868","13,133","14,311","8,868"
"9,439","9,761","4,811","11,439","11,761","6,811","14,039","15,161","9,811","9,366","8,133","4,424","11,366","10,133","6,424","14,366","13,533","9,024"
"13,092","9,777","6,271","15,092","11,777","8,271","18,092","15,177","10,871","6,840","7,183","3,851","8,840","9,183","5,851","11,440","12,183","9,251"
"13,495","11,050","7,218","15,495","13,050","9,218","18,095","16,050","12,618","7,130","6,893","4,069","9,130","8,893","6,069","12,130","11,893","9,069"
"11,332","10,877","6,309","13,332","12,877","8,309","15,932","15,877","11,709","7,420","6,922","3,888","9,420","8,922","5,888","12,420","12,322","8,488"
"12,807","10,141","6,554","14,807","12,141","8,554","17,807","15,141","11,554","7,328","8,688","4,748","9,328","10,688","6,748","11,928","14,088","9,748"
"10,915","12,164","5,110","12,915","14,164","7,110","15,915","17,564","9,710","7,421","8,614","4,794","9,424","10,614","6,794","12,421","14,014","9,394"
"12,850","10,993","5,480","14,850","12,993","7,480","17,450","15,993","10,880","6,869","7,651","3,994","8,869","9,651","5,994","11,469","13,051","8,994"
"12,033","11,198","5,541","14,033","13,198","7,541","17,033","16,198","10,541","7,721","7,094","4,265","9,721","9,094","6,265","12,721","12,494","8,865"
"11,081","11,120","6,244","13,081","13,120","8,244","15,681","16,120","11,644","9,435","7,918","4,920","11,435","9,918","6,920","14,035","12,918","10,320"
"12,064","10,432","6,550","14,064","12,432","8,550","17,064","15,832","11,150","8,987","8,810","4,404","10,987","10,810","6,404","13,587","13,810","9,804"
"12,550","10,677","6,108","14,550","12,677","8,108","17,150","16,077","11,108","6,697","9,051","4,873","8,697","11,051","6,873","11,297","14,451","9,873"
"11,710","12,367","6,465","13,710","14,367","8,465","17,110","17,367","11,065","8,868","8,409","4,590","10,868","10,409","6,590","14,268","13,409","9,190"
"12,172","12,555","6,351","14,172","14,555","8,351","16,772","17,955","11,351","8,625","6,650","6,647","10,625","8,650","8,647","13,225","12,050","11,647"
"12,590","13,113","5,443","14,590","15,113","7,443","17,590","18,113","10,443","7,977","8,651","4,470","9,977","10,651","6,470","12,977","13,651","9,470"
"12,946","13,027","5,023","14,946","15,027","7,023","17,946","18,427","9,623","11,127","7,836","3,914","13,127","9,836","5,914","16,127","12,836","8,914"
"10,078","13,337","6,421","12,078","15,337","8,421","15,478","18,337","11,021","10,296","8,140","5,450","12,296","10,140","7,450","15,296","13,140","10,450"
"12,912","10,131","6,001","14,912","12,131","8,001","17,512","15,131","11,401","9,167","8,797","5,193","11,167","10,797","7,193","14,567","13,797","9,793"
"12,402","10,926","5,916","14,402","12,926","7,916","17,402","15,926","10,916","9,989","8,017","5,758","11,989","10,017","7,758","14,589","13,017","11,158"
"12,030","10,776","6,288","14,030","12,776","8,288","17,430","15,776","10,888","9,886","8,427","5,296","11,886","10,427","7,296","14,486","13,827","10,296"
"9,104","11,411","7,068","11,104","13,411","9,068","14,104","16,411","12,068","9,065","9,454","4,423","11,065","11,454","6,423","14,065","14,454","9,423"
"11,341","10,909","6,566","13,341","12,909","8,566","16,341","15,909","11,566","8,929","8,205","4,439","10,929","10,205","6,439","13,929","13,605","9,039"
"9,444","12,241","5,490","11,444","14,241","7,490","14,444","17,641","10,090","8,440","8,318","4,655","10,440","10,318","6,655","13,840","13,318","9,255"
"13,374","10,387","6,454","15,374","12,387","8,454","18,774","15,387","11,054","11,118","7,688","5,604","13,118","9,688","7,604","15,718","12,688","11,004"
"14,701","12,010","5,798","16,701","14,010","7,798","19,301","17,010","11,198","7,493","6,864","3,924","9,493","8,864","5,924","12,093","12,264","8,924"
"11,169","12,593","6,469","13,169","14,593","8,469","15,769","17,593","11,869","7,696","8,866","4,716","9,696","10,866","6,716","12,696","13,866","9,716"
"18,669","15,323","7,825","20,669","17,323","9,825","23,269","20,723","12,825","7,220","8,752","5,097","9,220","10,752","7,097","12,620","13,752","9,697"
"15,679","10,891","6,707","17,679","12,891","8,707","20,679","15,891","11,707","12,144","7,113","5,809","14,144","9,113","7,809","17,144","12,113","10,809"
"13,366","12,098","5,987","15,366","14,098","7,987","18,366","17,098","10,987","8,551","9,207","4,988","10,551","11,207","6,988","13,151","14,607","9,988"
"10,619","13,033","6,193","12,619","15,033","8,193","15,619","18,433","10,793","11,775","8,945","5,181","13,775","10,945","7,181","16,775","13,945","10,181"
"12,131","12,374","6,262","14,131","14,374","8,262","17,531","17,374","10,862","10,772","8,428","5,114","12,772","10,428","7,114","15,372","13,828","10,114"
"13,708","10,460","5,943","15,708","12,460","7,943","18,308","15,460","11,343","9,833","9,305","4,488","11,833","11,305","6,488","14,833","14,705","9,088"
"13,336","10,760","5,756","15,336","12,760","7,756","18,736","15,760","10,356","8,789","9,597","4,644","10,789","11,597","6,644","14,189","14,597","9,244"
"8,315","7,614","4,450","9,515","8,814","5,650","11,075","10,614","7,690","8,859","9,084","4,988","10,859","11,084","6,988","14,259","14,084","9,588"
"9,080","7,002","4,833","10,280","8,202","6,033","11,840","10,242","7,833","11,213","9,125","5,238","13,213","11,125","7,238","15,813","14,125","10,638"
"9,760","7,546","3,813","10,960","8,746","5,013","12,760","10,546","6,813","7,936","9,166","5,347","9,936","11,166","7,347","12,936","14,566","9,947"
"6,955","7,852","4,833","8,155","9,052","6,033","9,715","10,852","8,073","11,438","8,855","5,463","13,438","10,855","7,463","16,438","14,255","10,063"
"8,948","7,837","4,327","10,148","9,037","5,527","11,708","11,077","7,327","7,730","9,002","5,655","9,730","11,002","7,655","12,330","14,002","11,055"
"9,089","7,577","5,258","10,289","8,777","6,458","11,849","10,817","8,258","8,141","9,331","5,039","10,141","11,331","7,039","13,141","14,731","9,639"
"8,230","7,580","4,535","9,430","8,780","5,735","10,990","10,820","7,535","9,373","8,879","4,988","11,373","10,879","6,988","14,373","14,279","9,588"
"8,835","7,460","4,008","10,035","8,660","5,208","12,075","10,460","6,768","10,988","9,260","5,181","12,988","11,260","7,181","15,588","14,660","10,181"
"10,032","7,544","4,715","11,232","8,744","5,915","13,032","10,544","7,715","10,159","8,298","5,433","12,159","10,298","7,433","14,759","13,698","10,433"
"9,664","7,580","4,852","10,864","8,780","6,052","12,904","10,580","7,612","10,366","8,877","4,606","12,366","10,877","6,606","15,766","13,877","9,206"
"5,850","8,838","4,153","7,050","10,038","5,353","8,850","11,838","7,153","9,167","8,222","5,911","11,167","10,222","7,911","13,767","13,222","11,311"
"6,843","6,613","2,736","8,443","8,213","4,336","10,843","10,613","6,736","8,962","8,920","5,142","10,962","10,920","7,142","13,562","14,320","10,142"
"7,325","6,878","2,163","8,925","8,478","3,763","11,325","10,878","6,163","9,783","8,715","4,988","11,783","10,715","6,988","14,783","13,715","9,988"
"7,203","7,137","3,851","8,803","8,737","5,451","11,203","11,137","7,851","7,643","8,716","4,630","9,643","10,716","6,630","12,243","14,116","9,630"
"7,386","6,130","3,068","8,986","7,730","4,668","11,386","10,130","7,068","10,810","8,591","4,628","12,810","10,591","6,628","15,810","13,591","9,628"
"8,049","5,213","3,883","9,649","6,813","5,483","12,049","9,213","7,883","8,204","8,681","4,399","10,204","10,681","6,399","13,204","14,081","8,999"
"10,583","8,058","3,796","11,783","9,258","4,996","13,583","11,298","6,556","11,100","9,170","5,238","13,100","11,170","7,238","16,500","14,170","9,838"
"10,200","7,132","5,258","11,400","8,332","6,458","13,440","10,132","8,018","7,791","8,577","4,655","9,791","10,577","6,655","12,391","13,577","10,055"
"9,201","8,082","4,710","10,401","9,282","5,910","11,961","11,082","7,950","9,065","8,181","6,014","11,065","10,181","8,014","14,065","13,181","11,014"
"7,926","8,468","4,627","9,126","9,668","5,827","11,166","11,468","7,387","7,829","8,493","4,817","9,829","10,493","6,817","12,429","13,493","10,217"
"7,058","8,235","3,234","8,258","9,435","4,434","10,058","11,235","6,234","8,346","9,331","4,936","10,346","11,331","6,936","13,346","14,331","9,936"
"7,447","7,176","4,363","8,647","8,376","5,563","10,687","10,176","7,123","7,364","8,828","4,630","9,364","10,828","6,630","12,764","13,828","9,230"
"7,369","7,892","3,506","8,569","9,092","4,706","10,129","10,892","6,746","10,091","8,756","4,782","12,091","10,756","6,782","15,491","13,756","9,382"
"5,717","6,787","3,231","7,317","8,387","4,831","9,717","10,787","7,231","8,962","8,797","5,296","10,962","10,797","7,296","14,362","13,797","9,896"
"7,292","8,266","3,078","8,492","9,466","4,278","10,052","11,266","6,318","13,800","12,316","4,830","15,800","14,316","6,830","19,200","17,316","9,430"
"9,766","7,872","4,314","10,966","9,072","5,514","12,766","11,112","7,074","10,194","8,591","4,936","12,194","10,591","6,936","14,794","13,991","9,936"
"7,210","8,226","4,238","8,410","9,426","5,438","10,210","11,226","7,238","8,658","9,374","4,733","10,658","11,374","6,733","13,258","14,774","9,733"
"8,430","7,224","3,767","9,630","8,424","4,967","11,190","10,224","7,007","9,042","8,890","5,289","11,042","10,890","7,289","14,042","14,290","9,889"
"8,615","7,394","3,506","9,815","8,594","4,706","11,375","10,634","6,506","9,989","8,715","4,885","11,989","10,715","6,885","14,589","14,115","9,885"
"8,849","6,584","4,402","10,049","7,784","5,602","11,849","9,824","7,162","9,989","7,688","6,168","11,989","9,688","8,168","14,589","12,688","11,568"
"5,812","8,173","3,935","7,012","9,373","5,135","8,812","11,413","6,695","12,042","7,770","5,039","14,042","9,770","7,039","16,642","13,170","10,039"
"8,910","7,648","4,110","10,110","8,848","5,310","11,910","10,888","6,870","8,966","9,087","4,938","10,966","11,087","6,938","13,566","14,087","10,338"
"7,525","7,768","3,584","8,725","8,968","4,784","10,765","10,768","6,344","7,740","8,645","4,679","9,740","10,645","6,679","12,340","13,645","10,079"
"7,040","8,192","4,365","8,240","9,392","5,565","9,800","11,432","7,365","7,460","8,346","5,192","9,460","10,346","7,192","12,060","13,746","10,192"
"7,759","8,079","3,078","8,959","9,279","4,278","10,519","11,079","6,318","9,991","8,962","4,578","11,991","10,962","6,578","14,591","14,362","9,578"
"5,998","6,854","2,857","7,598","8,454","4,457","9,998","10,854","6,857","10,912","8,427","4,782","12,912","10,427","6,782","15,912","13,827","9,382"
"5,878","6,975","2,767","7,478","8,575","4,367","9,878","10,975","6,767","10,507","8,389","5,041","12,507","10,389","7,041","15,507","13,389","10,041"
"7,752","7,245","4,244","8,952","8,445","5,444","10,752","10,245","7,244","9,377","9,498","4,220","11,377","11,498","6,220","14,777","14,498","8,820"
"9,250","6,594","5,258","10,450","7,794","6,458","12,010","9,834","8,258","8,267","9,263","5,323","10,267","11,263","7,323","12,867","14,263","10,723"
"7,877","7,412","4,603","9,077","8,612","5,803","10,637","10,652","7,603","9,373","9,864","3,756","11,373","11,864","5,756","13,973","15,264","8,756"
"8,540","7,147","4,603","9,740","8,347","5,803","11,300","10,387","7,603","8,865","8,431","5,813","10,865","10,431","7,813","13,465","13,831","10,813"
"8,209","7,544","4,272","9,409","8,744","5,472","11,449","10,544","7,032","7,833","9,618","4,834","9,833","11,618","6,834","12,833","14,618","9,834"
"8,409","8,394","4,688","9,609","9,594","5,888","11,169","11,634","7,688","7,851","9,390","5,376","9,851","11,390","7,376","12,851","14,390","10,376"
"6,888","7,888","5,888","8,488","9,488","7,488","10,888","11,888","9,888","9,480","8,840","4,990","11,480","10,840","6,990","14,480","13,840","9,990"
"5,069","9,268","4,504","6,269","10,468","5,704","8,069","12,508","7,264","7,954","9,555","5,114","9,954","11,555","7,114","12,954","14,955","9,714"
"7,681","7,674","3,623","8,881","8,874","4,823","10,441","10,914","6,623","10,301","8,347","5,195","12,301","10,347","7,195","15,301","13,747","9,795"
"8,129","8,469","4,735","9,329","9,669","5,935","10,889","11,469","7,975","9,069","9,169","4,784","11,069","11,169","6,784","14,469","14,169","9,384"
"6,544","7,641","4,294","7,744","8,841","5,494","9,544","10,881","7,054","9,482","9,006","4,785","11,482","11,006","6,785","14,882","14,006","9,385"
"7,915","6,927","4,441","9,115","8,127","5,641","11,155","9,927","7,201","9,377","8,964","4,887","11,377","10,964","6,887","14,777","13,964","9,487"
"10,738","7,985","4,158","11,938","9,185","5,358","13,738","10,985","7,158","10,507","7,978","5,555","12,507","9,978","7,555","15,907","12,978","10,155"
"10,529","4,859","6,468","11,729","6,059","7,668","13,769","7,859","9,228","9,685","8,594","5,195","11,685","10,594","7,195","14,685","13,994","9,795"
"10,267","8,437","3,829","11,467","9,637","5,029","13,027","11,437","7,069","9,582","9,046","4,682","11,582","11,046","6,682","14,182","14,046","10,082"
"8,476","8,362","4,818","9,676","9,562","6,018","11,716","11,362","7,578","9,993","7,813","6,017","11,993","9,813","8,017","14,593","12,813","11,417"
"9,436","8,955","3,474","10,636","10,155","4,674","12,436","12,195","6,237","11,534","6,869","6,428","13,534","8,869","8,428","16,534","11,869","11,428"
"11,586","8,023","3,687","12,786","9,223","4,887","14,826","11,023","6,447","8,206","8,123","5,099","10,206","10,123","7,099","13,606","13,123","9,699"
"10,173","7,721","4,771","11,373","8,921","5,971","13,173","10,721","7,771","8,654","9,495","4,577","10,654","11,495","6,577","13,654","14,895","9,177"
"8,481","7,081","4,490","9,681","8,281","5,690","11,481","10,321","7,250","8,761","9,128","4,990","10,761","11,128","6,990","13,361","14,528","9,990"
"7,603","7,923","3,351","8,803","9,123","4,551","10,363","11,163","6,351","10,815","7,156","6,428","12,815","9,156","8,428","15,415","12,156","11,828"
"7,447","7,425","4,052","8,647","8,625","5,252","10,447","10,665","6,812","10,301","8,101","5,503","12,301","10,101","7,503","15,301","13,101","10,503"
"7,369","7,550","3,935","8,569","8,750","5,135","10,129","10,550","7,175","9,578","8,756","5,039","11,578","10,756","7,039","14,578","13,756","10,039"
"6,824","6,989","4,908","8,024","8,189","6,108","9,584","10,229","7,908","10,810","8,509","4,731","12,810","10,509","6,731","16,210","13,509","9,331"
"6,824","7,207","4,636","8,024","8,407","5,836","9,824","10,207","7,636","10,755","11,388","7,513","12,755","13,388","9,513","15,755","16,388","12,513"
"6,824","7,550","4,207","8,024","8,750","5,407","9,824","10,790","6,967","12,640","11,794","6,063","14,640","13,794","8,063","17,640","17,194","10,663"
"7,759","7,487","3,818","8,959","8,687","5,018","10,999","10,487","6,578","15,737","6,662","4,577","17,737","8,662","6,577","20,337","12,062","9,577"
"6,980","6,833","5,025","8,180","8,033","6,225","9,980","9,833","8,025","7,730","9,331","5,244","9,730","11,331","7,244","12,730","14,331","10,244"
"8,947","8,324","4,630","10,148","9,524","5,830","11,948","11,564","7,390","8,962","8,756","5,347","10,962","10,756","7,347","13,962","14,156","9,947"
"10,160","6,511","6,271","11,360","7,711","7,471","13,160","9,751","9,031","8,038","9,248","5,193","10,038","11,248","7,193","12,638","14,248","10,593"
"9,513","7,985","4,771","10,713","9,185","5,971","12,273","10,985","8,011","8,962","7,729","6,630","10,962","9,729","8,630","13,562","13,129","11,630"
"7,550","7,512","4,960","8,750","8,712","6,160","10,310","10,513","8,200","11,323","7,236","6,065","13,323","9,236","8,065","16,323","12,636","10,665"
"7,794","7,478","4,562","8,994","8,678","5,762","10,554","10,478","7,802","11,528","7,688","5,398","13,528","9,688","7,398","16,928","12,688","9,998"
"7,380","5,522","7,214","8,580","6,722","8,414","10,380","8,762","9,974","19,227","5,964","3,705","21,227","7,964","5,705","24,227","11,364","8,305"
"9,623","8,917","3,427","10,823","10,117","4,627","12,863","11,917","6,187","9,167","8,550","5,501","11,167","10,550","7,501","14,167","13,950","10,101"
"7,645","9,076","4,321","9,245","10,676","5,921","11,645","13,076","8,321","8,038","8,797","5,758","10,038","10,797","7,758","13,038","14,197","10,358"
"11,966","10,481","5,786","13,166","11,681","6,986","14,726","13,721","8,786","10,502","8,017","5,501","12,502","10,017","7,501","15,102","13,417","10,501"
"8,021","9,166","3,821","9,621","10,766","5,421","12,021","13,166","7,821","8,962","8,427","5,758","10,962","10,427","7,758","13,562","13,427","11,158"
"7,861","9,328","3,700","9,461","10,928","5,300","11,861","13,328","7,700","10,494","11,183","5,523","12,494","13,183","7,523","15,094","16,183","10,923"
"7,548","11,404","5,359","8,748","12,604","6,559","10,548","14,404","8,359","12,026","10,815","5,190","14,026","12,815","7,190","17,026","16,215","9,790"
"10,367","9,689","5,675","11,567","10,889","6,875","13,367","12,689","8,675","12,668","10,217","5,566","14,668","12,217","7,566","17,668","15,617","10,166"
"9,160","10,342","6,365","10,360","11,542","7,565","11,920","13,342","9,605","11,171","10,542","5,218","13,171","12,542","7,218","16,171","15,942","9,818"
"12,370","8,825","7,031","13,570","10,025","8,231","15,130","12,065","10,031","9,829","10,222","4,983","11,829","12,222","7,191","14,429","15,622","10,191"
"10,376","10,804","4,116","11,576","12,004","5,316","13,136","13,804","7,356","11,742","9,794","5,254","13,742","11,794","7,254","16,342","14,794","10,654"
"9,211","10,549","7,874","10,811","12,149","9,474","13,211","14,549","11,874","10,938","9,721","5,745","12,938","11,721","7,745","16,338","14,721","10,345"
"13,059","10,528","5,769","14,259","11,728","6,969","16,059","13,768","8,529","11,922","10,506","5,507","13,922","12,506","7,507","16,522","15,906","10,507"
"9,452","8,875","2,791","11,052","10,475","4,391","13,452","12,875","6,791","11,804","10,363","5,737","13,804","12,363","7,737","17,204","15,363","10,337"
"10,386","6,727","5,010","11,986","8,327","6,610","14,386","10,727","9,010","12,446","10,243","6,422","14,446","12,243","8,422","17,046","15,243","11,822"
"8,830","8,533","3,530","10,430","10,133","5,130","12,830","12,533","7,530","12,694","10,504","5,990","14,694","12,504","7,990","18,094","15,504","10,590"
"9,531","7,910","3,959","11,131","9,510","5,559","13,531","11,910","7,959","11,695","10,678","6,427","13,695","12,678","8,427","16,695","16,078","11,027"
"10,272","10,263","4,845","11,472","11,463","6,045","13,032","13,503","7,845","11,784","10,695","6,222","13,784","12,695","8,222","17,184","15,695","10,822"
"9,294","9,210","4,969","10,894","10,810","6,569","13,294","13,210","8,969","11,093","9,773","5,071","13,093","11,773","7,071","16,093","14,773","10,071"
"11,520","9,888","4,689","12,720","11,088","5,889","14,280","13,128","7,689","11,343","10,076","4,511","13,343","12,076","6,511","16,343","15,076","9,511"
"11,834","8,804","5,887","13,034","10,004","7,087","14,834","12,044","8,647","10,242","11,136","4,004","12,242","13,136","6,004","15,242","16,536","8,604"
"11,915","10,228","5,496","13,115","11,428","6,696","14,915","13,468","8,256","11,621","9,020","6,699","13,621","11,020","8,699","16,621","14,020","11,699"
"10,063","10,388","4,793","11,263","11,588","5,993","13,303","13,388","7,553","11,164","9,755","5,812","13,164","11,755","7,812","16,164","14,755","10,812"
"14,360","10,678","5,560","15,560","11,878","6,760","17,360","13,678","8,560","11,261","10,313","5,776","13,261","12,313","7,776","15,861","15,713","10,776"
"13,730","11,283","5,121","14,930","12,483","6,321","16,490","14,283","8,361","11,592","10,369","5,142","13,592","12,369","7,142","16,192","15,369","10,542"
"11,335","11,183","6,443","12,535","12,383","7,643","14,575","14,183","9,203","12,018","11,782","5,889","14,018","13,782","7,889","16,618","16,782","11,289"
"15,494","10,729","4,931","16,694","11,929","6,131","18,734","13,729","7,691","11,550","9,896","6,039","13,550","11,896","8,039","16,950","14,896","10,639"
"10,545","9,923","6,163","11,745","11,123","7,363","13,305","13,163","9,163","13,708","10,510","5,882","15,708","12,510","7,882","18,308","15,510","11,282"
"13,604","10,325","6,380","14,804","11,525","7,580","16,604","13,325","9,380","12,962","11,757","4,698","14,962","13,757","6,698","18,362","16,757","9,298"
"11,341","9,470","6,005","12,541","10,670","7,205","14,341","12,710","8,765","12,339","10,910","6,068","14,339","12,910","8,068","16,939","15,910","11,468"
"10,168","10,596","4,481","11,368","11,796","5,681","12,928","13,836","7,481","10,345","10,362","7,750","12,345","12,362","9,750","15,345","15,762","12,350"
"9,959","9,929","5,419","11,159","11,129","6,619","12,959","13,169","8,179","12,584","11,472","4,727","14,584","13,472","6,727","17,184","16,872","9,727"
"9,854","10,097","5,262","11,054","11,297","6,462","12,614","13,097","8,502","11,249","9,549","5,010","13,249","11,549","7,010","16,249","14,549","10,010"
"9,126","9,347","6,563","10,326","10,547","7,763","11,886","12,587","9,563","12,242","11,452","5,526","14,242","13,452","7,526","16,842","16,452","10,926"
"9,126","9,638","6,200","10,326","10,838","7,400","12,126","12,638","9,200","13,030","10,699","5,474","15,030","12,699","7,474","17,630","16,099","10,474"
"9,126","10,097","5,626","10,326","11,297","6,826","12,126","13,337","8,386","10,665","9,761","5,680","12,665","11,761","7,680","15,665","14,761","10,680"
"10,376","10,012","5,106","11,576","11,212","6,306","13,616","13,012","7,866","10,692","11,015","5,449","12,692","13,015","7,449","15,292","16,015","10,849"
"13,415","10,088","6,306","14,615","11,288","7,506","16,415","13,088","9,306","8,956","12,104","6,517","10,956","14,104","8,517","13,556","17,504","11,517"
"12,924","10,137","6,489","14,124","11,337","7,689","16,164","13,137","9,249","12,064","10,383","6,611","14,064","12,383","8,611","16,664","15,383","12,011"
"9,751","11,054","4,116","10,951","12,254","5,316","12,511","14,054","7,356","11,859","11,144","6,264","13,859","13,144","8,264","16,859","16,544","10,864"
"11,001","8,843","5,782","12,201","10,043","6,982","13,761","12,083","8,782","12,924","10,236","6,367","14,924","12,236","8,367","18,324","15,236","10,967"
"7,772","10,930","5,262","8,972","12,130","6,462","10,772","14,170","8,022","10,388","10,940","6,498","12,388","12,940","8,498","14,988","15,940","11,898"
"10,585","9,263","5,939","11,785","10,463","7,139","13,825","12,263","8,699","11,106","9,673","5,574","13,106","11,673","7,574","16,106","15,073","10,174"
"12,594","9,737","4,920","13,794","10,937","6,120","15,594","12,737","7,920","11,208","9,970","5,206","13,208","11,970","7,206","15,808","14,970","10,606"
"11,966","11,132","6,192","13,166","12,332","7,392","14,966","14,372","8,952","13,279","9,176","5,152","15,279","11,176","7,152","18,279","14,576","9,752"
"12,722","10,678","6,380","13,922","11,878","7,580","15,482","13,678","9,620","12,743","10,438","6,707","14,743","12,438","8,707","17,343","15,838","11,707"
"11,716","9,035","6,236","12,916","10,235","7,436","14,476","12,275","9,236","11,695","11,268","5,690","13,695","13,268","7,690","17,095","16,268","10,290"
"11,728","9,777","6,785","12,928","10,977","7,985","14,488","13,017","9,785","11,035","9,694","7,601","13,035","11,694","9,601","16,435","14,694","12,201"
"13,641","9,537","7,031","14,841","10,737","8,231","16,881","12,537","9,791","10,550","11,388","5,726","12,550","13,388","7,726","15,550","16,788","10,326"
"10,423","10,000","6,101","11,623","11,200","7,301","13,183","13,000","9,341","11,882","10,760","5,847","13,882","12,760","7,847","17,282","15,760","10,447"
"12,304","10,808","6,299","13,504","12,008","7,499","15,064","13,808","9,539","9,147","9,606","5,150","11,147","11,606","7,150","13,747","14,606","10,550"
"9,334","9,138","6,720","10,534","10,338","7,920","12,334","12,138","9,720","9,535","9,218","5,441","11,535","11,218","7,441","14,535","14,218","10,441"
"14,153","10,776","5,076","15,353","11,976","6,276","17,153","14,016","7,836","9,923","9,257","5,199","11,923","11,257","7,199","14,923","14,657","9,799"
"13,200","13,100","7,100","15,200","15,100","9,100","17,800","18,100","12,500","9,678","9,193","5,072","11,678","11,193","7,072","15,078","14,193","9,672"
"14,400","16,280","7,450","16,400","18,280","9,450","19,400","21,680","12,050","11,093","11,855","5,507","13,093","13,855","7,507","16,493","16,855","10,107"
"17,910","12,380","10,570","19,910","14,380","12,570","23,310","17,380","15,170","11,035","10,904","6,089","13,035","12,904","8,089","15,635","16,304","11,089"
"11,766","12,224","8,887","13,766","14,224","10,887","16,366","17,624","13,887","13,358","10,722","7,700","15,358","12,722","9,700","17,958","15,722","13,100"
"16,950","12,030","6,538","18,950","14,030","8,538","21,950","17,030","11,538","12,723","10,555","5,942","14,723","12,555","7,942","17,323","15,955","10,942"
"14,010","14,642","9,693","16,010","16,642","11,693","19,010","19,642","14,693","12,155","10,627","6,411","14,155","12,627","8,411","16,755","16,027","11,411"
"16,464","11,900","6,943","18,464","13,900","8,943","21,464","17,300","11,543","12,123","12,643","5,914","14,123","14,643","7,914","17,123","17,643","10,914"
"18,495","11,522","11,350","20,495","13,522","13,350","23,095","16,922","16,350","11,940","10,972","5,936","13,940","12,972","7,936","16,940","16,372","10,536"
"13,386","13,066","7,024","15,386","15,066","9,024","18,386","18,466","11,624","11,560","10,111","6,005","13,560","12,111","8,005","16,160","15,111","11,405"
"12,878","13,870","9,537","14,878","15,870","11,537","17,478","19,270","14,537","12,612","10,557","5,143","14,612","12,557","7,143","17,212","15,957","10,143"
"13,224","12,613","7,672","15,224","14,613","9,672","17,824","17,613","13,072","11,278","10,211","6,130","13,278","12,211","8,130","16,278","15,211","11,130"
"20,640","11,690","9,693","22,640","13,690","11,693","26,040","16,690","14,293","12,064","10,825","6,059","14,064","12,825","8,059","17,064","16,225","10,659"
"13,710","11,576","8,725","15,710","13,576","10,725","18,710","16,576","13,725","12,645","10,589","6,399","14,645","12,589","8,399","17,245","15,989","11,399"
"16,369","11,885","10,272","18,369","13,885","12,272","21,369","17,285","14,872","12,124","11,307","5,954","14,124","13,307","7,954","16,724","16,707","10,954"
"18,570","8,984","9,535","20,570","10,984","11,535","23,170","14,384","14,535","14,463","11,273","6,467","16,463","13,273","8,467","19,063","16,673","11,467"
"17,598","8,984","10,021","19,598","10,984","12,021","22,598","13,984","15,021","12,448","10,719","6,791","14,448","12,719","8,791","17,448","15,719","11,791"
"12,840","14,564","10,375","14,840","16,564","12,375","17,440","19,564","15,775","11,492","11,661","5,828","13,492","13,661","7,828","16,492","16,661","10,828"
"15,450","11,885","10,731","17,450","13,885","12,731","20,050","16,885","16,131","12,814","13,195","4,888","14,814","15,195","6,888","17,814","18,195","9,888"
"14,196","11,058","9,130","16,196","13,058","11,130","19,596","16,058","13,730","14,398","10,448","5,891","16,398","12,448","7,891","19,398","15,848","10,491"
"16,050","15,870","9,763","18,050","17,870","11,763","20,650","20,870","15,163","13,226","11,383","6,947","15,226","13,383","8,947","18,226","16,783","11,547"
"12,013","18,080","9,019","14,013","20,080","11,019","17,013","23,480","13,619","12,540","11,987","6,536","14,540","13,987","8,536","17,940","16,987","11,136"
"14,138","17,145","9,125","16,138","19,145","11,125","18,738","22,545","14,125","14,051","10,669","7,429","16,051","12,669","9,429","19,451","15,669","12,029"
"17,750","14,765","10,294","19,750","16,765","12,294","22,750","19,765","15,294","9,800","11,618","6,350","11,800","13,618","8,350","14,400","17,018","11,350"
"17,963","15,955","8,700","19,963","17,955","10,700","23,363","20,955","13,300","9,924","11,519","6,411","11,924","13,519","8,411","14,924","16,919","11,011"
"19,238","16,210","7,744","21,238","18,210","9,744","23,838","21,210","13,144","12,679","10,482","6,183","14,679","12,482","8,183","18,079","15,482","10,783"
"14,563","16,550","9,656","16,563","18,550","11,656","19,563","21,950","14,256","10,557","10,989","6,467","12,557","12,989","8,467","15,157","15,989","11,867"
"20,088","15,445","8,275","22,088","17,445","10,275","24,688","20,845","13,275","11,277","10,759","6,149","13,277","12,759","8,149","16,277","16,159","10,749"
"21,363","15,190","7,956","23,363","17,190","9,956","26,763","20,190","12,556","12,123","9,936","6,754","14,123","11,936","8,754","17,523","14,936","11,354"
"20,300","16,635","6,681","22,300","18,635","8,681","25,300","21,635","11,681","9,197","10,243","5,347","11,197","12,243","7,347","13,797","15,643","10,347"
"21,575","15,275","7,744","23,575","17,275","9,744","26,975","20,275","12,344","10,292","11,857","6,307","12,292","13,857","8,307","15,292","16,857","11,307"
"20,513","15,360","8,169","22,513","17,360","10,169","25,113","20,360","13,569","10,336","9,497","5,710","12,336","11,497","7,710","15,336","14,897","10,310"
"16,263","16,125","9,338","18,263","18,125","11,338","20,863","21,525","14,338","9,655","11,704","6,816","11,655","13,704","8,816","15,055","16,704","11,416"
"18,175","15,230","9,125","20,175","17,230","11,125","23,175","20,630","13,725","11,411","11,917","5,173","13,411","13,917","7,173","16,011","17,317","10,173"
"20,725","15,700","7,638","22,725","17,700","9,638","26,125","20,700","12,238","12,525","10,876","5,916","14,525","12,876","7,916","17,525","16,276","10,516"
"17,113","14,850","10,506","19,113","16,850","12,506","21,713","20,250","15,506","12,073","10,926","6,046","14,073","12,926","8,046","16,673","16,326","11,046"
"17,750","14,850","10,188","19,750","16,850","12,188","23,150","19,850","14,788","13,048","10,479","6,108","15,048","12,479","8,108","18,048","15,879","10,708"
"16,475","16,210","9,125","18,475","18,210","11,125","21,475","21,210","14,125","13,421","10,328","6,113","15,421","12,328","8,113","18,821","15,328","10,713"
"18,175","15,360","9,338","20,175","17,360","11,338","23,175","20,760","13,938","14,405","11,271","6,839","16,405","13,271","8,839","19,005","16,671","11,839"
"17,963","15,445","9,338","19,963","17,445","11,338","22,563","20,845","14,338","13,221","11,269","7,083","15,221","13,269","9,083","17,821","16,669","12,083"
"16,475","15,955","9,444","18,475","17,955","11,444","21,075","20,955","14,844","13,150","12,444","6,002","15,150","14,444","8,002","18,150","17,844","10,602"
"17,750","16,210","8,488","19,750","18,210","10,488","22,750","21,210","13,488","11,753","12,834","6,210","13,753","14,834","8,210","17,153","17,834","10,810"
"14,775","16,380","9,763","16,775","18,380","11,763","19,375","21,380","15,163","12,177","10,975","5,920","14,177","12,975","7,920","16,777","16,375","10,920"
"19,450","14,935","9,231","21,450","16,935","11,231","24,450","19,935","14,231","11,795","10,817","7,272","13,795","12,817","9,272","16,395","15,817","12,672"
"19,663","14,975","9,656","21,663","16,975","11,656","25,063","19,975","14,256","12,064","9,940","7,165","14,064","11,940","9,165","16,664","15,340","12,165"
"18,175","15,785","8,806","20,175","17,785","10,806","22,775","20,785","14,206","11,941","10,236","6,858","13,941","12,236","8,858","16,941","15,236","11,858"
"17,325","16,040","8,913","19,325","18,040","10,913","22,325","21,440","13,513","11,586","10,613","6,061","13,586","12,613","8,061","16,586","15,613","11,061"
"14,988","15,870","10,294","16,988","17,870","12,294","19,588","21,270","15,294","12,556","11,268","5,260","14,556","13,268","7,260","17,556","16,268","10,260"
"17,113","16,210","8,806","19,113","18,210","10,806","22,513","21,210","13,406","14,706","11,158","4,574","16,706","13,158","6,574","19,706","16,558","9,174"
"22,000","11,875","11,781","24,000","13,875","13,781","26,600","16,875","17,181","13,087","10,610","6,068","15,087","12,610","8,068","18,087","16,010","10,668"
,,,,,,,,,"8,067","11,379","7,109","10,067","13,379","9,109","13,067","16,779","11,709"
,,,,,,,,,"12,104","10,901","5,817","14,104","12,901","7,817","16,704","15,901","11,217"
,,,,,,,,,"11,238","11,297","5,756","13,238","13,297","7,756","16,238","16,697","10,356"
,,,,,,,,,"12,791","10,469","5,639","14,791","12,469","7,639","18,191","15,469","10,239"
,,,,,,,,,"11,776","11,070","6,036","13,776","13,070","8,036","16,776","16,470","10,636"
,,,,,,,,,"9,848","11,805","6,192","11,848","13,805","8,192","15,248","16,805","10,792"
,,,,,,,,,"13,768","10,886","7,288","15,768","12,886","9,288","18,768","15,886","12,288"
,,,,,,,,,"12,259","11,764","6,945","14,259","13,764","8,945","17,659","16,764","11,545"
,,,,,,,,,"11,435","12,312","6,671","13,435","14,312","8,671","16,035","17,712","11,671"
,,,,,,,,,"10,337","12,038","7,563","12,337","14,038","9,563","14,937","17,038","12,963"
,,,,,,,,,"11,791","10,764","5,225","13,791","12,764","7,225","16,391","16,164","10,225"
,,,,,,,,,"11,965","12,354","4,448","13,965","14,354","6,448","16,965","17,754","9,048"
,,,,,,,,,"14,735","10,377","5,183","16,735","12,377","7,183","19,735","15,377","10,183"
,,,,,,,,,"18,474","16,488","6,466","20,474","18,488","8,466","23,874","21,488","11,066"
,,,,,,,,,"11,847","12,148","6,671","13,847","14,148","8,671","17,248","17,148","11,271"
,,,,,,,,,"12,463","10,959","5,936","14,463","12,959","7,936","17,063","16,359","10,936"
,,,,,,,,,"6,400","6,137","3,921","7,600","7,337","5,121","9,160","9,137","7,161"
,,,,,,,,,"5,772","6,011","4,392","6,972","7,211","5,592","8,532","9,251","7,392"
,,,,,,,,,"7,567","7,165","3,630","8,767","8,365","4,830","10,327","10,165","6,870"
,,,,,,,,,"8,447","6,579","3,924","9,647","7,779","5,124","11,447","9,579","6,924"
,,,,,,,,,"7,690","7,049","4,113","8,890","8,249","5,313","10,450","10,289","7,113"
,,,,,,,,,"9,113","7,654","5,036","10,313","8,854","6,236","11,873","10,654","8,276"
,,,,,,,,,"8,400","7,342","4,748","10,400","9,342","6,748","13,000","12,742","9,748"
,,,,,,,,,"9,481","7,470","5,082","10,681","8,670","6,282","12,481","10,470","8,082"
,,,,,,,,,"8,315","7,682","4,365","9,515","8,882","5,565","11,315","10,922","7,125"
,,,,,,,,,"7,750","8,260","4,025","8,950","9,460","5,225","10,990","11,260","6,785"
,,,,,,,,,"9,584","7,762","4,541","10,784","8,962","5,741","12,344","11,002","7,541"
,,,,,,,,,"9,949","7,471","4,723","11,149","8,671","5,923","13,189","10,471","7,483"
,,,,,,,,,"7,309","6,283","3,805","8,509","7,483","5,005","10,309","9,283","6,805"
,,,,,,,,,"7,281","6,525","3,891","8,481","7,725","5,091","10,041","9,765","6,891"
,,,,,,,,,"7,763","6,635","3,513","8,963","7,835","4,713","10,763","9,875","6,273"
,,,,,,,,,"6,590","6,590","3,044","8,190","8,190","4,644","10,590","10,590","7,044"
,,,,,,,,,"9,830","7,873","4,516","11,830","9,873","6,516","14,430","12,873","9,916"
,,,,,,,,,"8,718","8,058","4,841","9,918","9,258","6,041","11,478","11,298","7,841"
,,,,,,,,,"10,293","7,132","5,211","11,493","8,332","6,411","13,293","10,132","8,211"
,,,,,,,,,"9,181","7,799","4,933","10,381","8,999","6,133","12,181","11,039","7,693"
,,,,,,,,,"8,010","7,526","4,338","9,210","8,726","5,538","11,010","10,526","7,338"
,,,,,,,,,"9,021","8,058","4,577","10,221","9,258","5,777","11,781","11,058","7,817"
,,,,,,,,,"6,630","6,146","3,565","8,230","7,746","5,165","10,630","10,146","7,565"
,,,,,,,,,"9,113","8,279","4,255","10,313","9,479","5,455","11,873","11,279","7,495"
,,,,,,,,,"8,837","7,691","5,128","10,037","8,891","6,328","11,597","10,931","8,128"
,,,,,,,,,"9,021","8,536","3,979","10,221","9,736","5,179","12,021","11,776","6,739"
,,,,,,,,,"9,572","8,389","3,887","10,772","9,589","5,087","12,332","11,389","7,127"
,,,,,,,,,"7,550","7,308","5,215","8,750","8,508","6,415","10,550","10,308","8,215"
,,,,,,,,,"10,355","7,546","3,515","11,555","8,746","4,715","13,595","10,546","6,275"
,,,,,,,,,"5,099","6,649","3,550","6,699","8,249","5,150","9,099","10,649","7,550"
,,,,,,,,,"9,848","8,132","4,071","11,048","9,332","5,271","13,088","11,132","6,831"
,,,,,,,,,"8,651","7,416","4,661","9,851","8,616","5,861","11,411","10,656","7,661"
,,,,,,,,,"10,015","8,688","3,405","12,015","10,688","5,405","14,615","14,088","8,405"
,,,,,,,,,"9,644","7,725","4,794","10,844","8,925","5,994","12,884","10,725","7,554"
,,,,,,,,,"6,955","8,260","4,323","8,155","9,460","5,523","9,955","11,500","7,083"
,,,,,,,,,"10,756","7,540","4,794","11,956","8,740","5,994","13,756","10,780","7,554"
,,,,,,,,,"6,980","8,204","3,312","8,180","9,404","4,512","9,980","11,204","6,312"
,,,,,,,,,"6,179","6,661","3,008","7,779","8,261","4,608","10,179","10,661","7,008"
,,,,,,,,,"5,455","6,926","3,038","7,055","8,526","4,638","9,455","10,926","7,038"
,,,,,,,,,"6,591","7,986","3,779","7,791","9,186","4,979","9,351","11,226","6,779"
,,,,,,,,,"9,107","8,233","4,616","10,307","9,433","5,816","11,867","11,473","7,616"
,,,,,,,,,"9,340","8,409","4,354","10,540","9,609","5,554","12,340","11,649","7,114"
,,,,,,,,,"6,824","7,643","4,090","8,024","8,843","5,290","9,824","10,643","7,090"
,,,,,,,,,"8,202","8,284","4,719","9,402","9,484","5,919","11,202","11,524","7,479"
,,,,,,,,,"9,764","7,669","4,991","11,764","9,669","6,991","14,764","12,669","9,991"
,,,,,,,,,"6,669","8,017","3,701","7,869","9,217","4,901","9,429","11,257","6,701"
,,,,,,,,,"6,513","8,048","3,740","7,713","9,248","4,940","9,273","11,048","6,980"
,,,,,,,,,"5,636","6,637","3,309","7,236","8,237","4,909","9,636","10,637","7,309"
,,,,,,,,,"6,699","6,517","3,078","8,299","8,117","4,678","10,699","10,517","7,078"
,,,,,,,,,"6,024","6,762","3,109","7,224","7,962","4,309","9,024","9,762","6,109"
,,,,,,,,,"9,459","7,984","4,702","10,659","9,184","5,902","12,459","11,224","7,462"
,,,,,,,,,"8,460","7,363","3,623","9,660","8,563","4,823","11,220","10,363","6,863"
,,,,,,,,,"6,902","8,141","3,429","8,102","9,341","4,629","9,902","11,381","6,189"
,,,,,,,,,"6,201","7,830","4,168","7,401","9,030","5,368","9,441","10,830","6,928"
,,,,,,,,,"6,746","8,110","3,545","7,946","9,310","4,745","9,746","11,350","6,305"
,,,,,,,,,"8,753","7,163","4,420","9,953","8,363","5,620","11,753","10,403","7,180"
,,,,,,,,,"7,214","7,581","3,974","8,414","8,781","5,174","10,214","10,581","6,974"
,,,,,,,,,"9,400","8,064","4,444","10,600","9,264","5,644","12,160","11,064","7,684"
,,,,,,,,,"5,656","6,640","3,446","7,256","8,240","5,046","9,656","10,640","7,446"
,,,,,,,,,"5,472","6,812","3,323","7,072","8,412","4,923","9,472","10,812","7,323"
,,,,,,,,,"6,956","6,851","4,969","8,156","8,051","6,169","9,956","9,851","7,969"
,,,,,,,,,"6,609","8,480","3,677","7,809","9,680","4,877","9,369","11,480","6,917"
,,,,,,,,,"5,714","7,829","4,938","6,914","9,029","6,138","8,474","11,069","7,938"
,,,,,,,,,"7,586","8,155","3,595","8,786","9,355","4,795","10,586","11,155","6,595"
,,,,,,,,,"9,156","8,133","4,641","10,356","9,333","5,841","12,156","11,373","7,401"
,,,,,,,,,"10,277","7,423","4,968","11,477","8,623","6,168","13,037","10,663","7,968"
,,,,,,,,,"5,890","7,799","4,363","7,090","8,999","5,563","8,890","10,799","7,363"
,,,,,,,,,"9,338","6,935","4,919","10,538","8,135","6,119","12,338","9,935","7,919"
,,,,,,,,,"9,530","7,759","4,921","10,730","8,959","6,121","12,530","10,999","7,681"
,,,,,,,,,"5,154","6,951","3,159","6,754","8,551","4,759","9,154","10,951","7,159"
,,,,,,,,,"5,938","6,758","3,008","7,538","8,358","4,608","9,938","10,758","7,008"
,,,,,,,,,"4,973","6,709","3,551","6,573","8,309","5,151","8,973","10,709","7,551"
,,,,,,,,,"5,076","7,548","4,401","6,676","9,148","6,001","9,076","11,548","8,401"
,,,,,,,,,"5,757","6,806","3,038","7,357","8,406","4,638","9,757","10,806","7,038"
,,,,,,,,,"8,822","7,279","4,747","10,022","8,479","5,947","11,582","10,279","7,987"
,,,,,,,,,"6,123","7,736","4,324","7,323","8,936","5,524","9,123","10,736","7,324"
,,,,,,,,,"8,135","7,862","4,361","9,335","9,062","5,561","11,135","10,862","7,361"
,,,,,,,,,"5,968","7,954","4,129","7,168","9,154","5,329","8,968","11,194","6,889"
,,,,,,,,,"6,435","7,861","4,013","7,635","9,061","5,213","9,675","10,861","6,773"
,,,,,,,,,"8,222","7,834","5,435","9,422","9,034","6,635","10,982","10,834","8,675"
,,,,,,,,,"7,635","8,294","3,940","8,835","9,494","5,140","10,635","11,534","6,700"
,,,,,,,,,"9,166","6,901","5,048","10,366","8,101","6,248","12,166","9,901","8,048"
,,,,,,,,,"8,822","7,244","4,790","10,022","8,444","5,990","11,822","10,484","7,550"
,,,,,,,,,"7,131","7,942","4,147","8,331","9,142","5,347","9,891","10,942","7,387"
,,,,,,,,,"6,386","8,108","4,313","7,586","9,308","5,513","9,386","11,108","7,313"
,,,,,,,,,"7,629","8,042","3,940","8,829","9,242","5,140","10,869","11,042","6,700"
,,,,,,,,,"8,292","7,843","3,857","9,492","9,043","5,057","11,052","11,083","6,857"
,,,,,,,,,"7,942","8,693","4,548","9,142","9,893","5,748","10,942","11,693","7,548"
,,,,,,,,,"7,603","7,550","3,818","8,803","8,750","5,018","10,363","10,550","7,058"
,,,,,,,,,"7,136","7,705","3,857","8,336","8,905","5,057","10,136","10,705","6,857"
,,,,,,,,,"7,837","6,864","4,558","9,037","8,064","5,758","11,077","9,864","7,318"
,,,,,,,,,"7,214","7,909","4,313","8,414","9,109","5,513","10,214","11,149","7,073"
,,,,,,,,,"6,360","8,158","4,748","7,560","9,358","5,948","9,120","11,158","7,988"
,,,,,,,,,"8,222","7,871","5,435","9,422","9,071","6,635","11,462","10,871","8,195"
,,,,,,,,,"9,701","7,406","3,473","10,901","8,606","4,673","12,461","10,406","6,713"
,,,,,,,,,"7,911","7,243","4,572","9,111","8,443","5,772","10,911","10,483","7,332"
,,,,,,,,,"6,201","7,674","4,363","7,401","8,874","5,563","9,201","10,674","7,363"
,,,,,,,,,"9,783","7,180","3,940","10,983","8,380","5,140","12,543","10,180","7,180"
,,,,,,,,,"8,043","8,207","3,526","9,243","9,407","4,726","10,803","11,207","6,766"
,,,,,,,,,"7,131","8,307","3,857","8,331","9,507","5,057","9,891","11,547","6,857"
,,,,,,,,,"7,546","8,174","3,816","8,746","9,374","5,016","10,546","11,174","6,816"
,,,,,,,,,"7,550","7,954","4,408","8,750","9,154","5,608","10,790","10,954","7,168"
,,,,,,,,,"6,888","8,888","4,888","8,488","10,488","6,488","10,888","12,888","8,888"
,,,,,,,,,"9,401","7,401","4,401","10,601","8,601","5,601","12,401","10,641","7,161"
,,,,,,,,,"8,035","8,095","5,248","9,235","9,295","6,448","11,035","11,335","8,008"
,,,,,,,,,"6,530","8,770","3,898","7,730","9,970","5,098","9,770","11,770","6,658"
,,,,,,,,,"7,042","8,397","4,111","8,242","9,597","5,311","9,802","11,637","7,111"
,,,,,,,,,"10,612","5,920","5,100","11,812","7,120","6,300","13,612","9,160","7,860"
,,,,,,,,,"7,755","8,282","5,155","8,955","9,482","6,355","10,995","11,282","7,915"
,,,,,,,,,"6,902","7,923","3,701","8,102","9,123","4,901","9,902","10,923","6,701"
,,,,,,,,,"9,701","7,379","3,733","10,901","8,579","4,933","12,941","10,379","6,493"
,,,,,,,,,"7,860","7,165","3,484","9,060","8,365","4,684","10,620","10,165","6,724"
,,,,,,,,,"8,227","6,960","3,557","9,427","8,160","4,757","11,467","9,960","6,317"
,,,,,,,,,"8,484","7,018","3,734","9,684","8,218","4,934","11,724","10,018","6,494"
,,,,,,,,,"6,914","8,432","5,388","8,114","9,632","6,588","9,914","11,432","8,388"
,,,,,,,,,"10,738","8,021","4,488","11,938","9,221","5,688","13,498","11,261","7,488"
,,,,,,,,,"5,576","6,637","3,340","6,776","7,837","4,540","8,336","9,637","6,580"
,,,,,,,,,"5,335","6,782","3,279","6,535","7,982","4,479","8,575","9,782","6,039"
,,,,,,,,,"7,008","8,245","5,575","8,208","9,445","6,775","9,768","11,245","8,815"
,,,,,,,,,"7,394","7,548","3,831","8,594","8,748","5,031","10,394","10,548","6,831"
,,,,,,,,,"10,738","7,382","4,912","11,938","8,582","6,112","13,738","10,622","7,672"
,,,,,,,,,"7,992","7,276","4,490","9,192","8,476","5,690","10,752","10,516","7,490"
,,,,,,,,,"9,607","7,985","4,724","10,807","9,185","5,924","12,607","11,225","7,484"
,,,,,,,,,"7,681","7,736","3,545","8,881","8,936","4,745","10,921","10,736","6,305"
,,,,,,,,,"7,136","7,363","4,285","8,336","8,563","5,485","10,136","10,603","7,045"
,,,,,,,,,"9,890","7,495","5,195","11,090","8,695","6,395","12,650","10,495","8,435"
,,,,,,,,,"7,297","7,180","5,183","8,497","8,380","6,383","10,537","10,180","7,943"
,,,,,,,,,"9,063","8,955","3,661","10,263","10,155","4,861","11,823","12,195","6,661"
,,,,,,,,,"8,318","7,569","3,961","9,518","8,769","5,161","11,078","10,569","7,201"
,,,,,,,,,"8,074","7,406","4,287","9,274","8,606","5,487","11,314","10,406","7,047"
,,,,,,,,,"9,513","8,060","4,677","10,713","9,260","5,877","12,273","11,060","7,917"
,,,,,,,,,"6,980","7,830","3,779","8,180","9,030","4,979","9,740","10,830","7,019"
,,,,,,,,,"7,712","7,743","4,272","8,912","8,943","5,472","10,952","10,743","7,032"
,,,,,,,,,"8,060","7,580","4,620","9,260","8,780","5,820","11,060","10,820","7,380"
,,,,,,,,,"11,021","7,269","4,912","12,221","8,469","6,112","14,261","10,269","7,672"
,,,,,,,,,"8,288","7,231","6,326","9,488","8,431","7,526","11,048","10,471","9,326"
,,,,,,,,,"10,819","7,819","3,819","12,419","9,419","5,419","14,819","11,819","7,819"
,,,,,,,,,"8,288","8,136","5,195","9,488","9,336","6,395","11,048","11,376","8,195"
,,,,,,,,,"9,419","8,768","4,959","10,619","9,968","6,159","12,419","11,768","7,959"
,,,,,,,,,"9,701","7,910","4,771","10,901","9,110","5,971","12,461","11,150","7,771"
,,,,,,,,,"8,457","6,948","4,893","9,657","8,148","6,093","11,457","9,948","7,893"
,,,,,,,,,"8,013","7,163","4,257","9,213","8,363","5,457","11,013","10,403","7,017"
,,,,,,,,,"8,375","7,445","4,313","9,575","8,645","5,513","11,135","10,445","7,553"
,,,,,,,,,"7,260","8,972","4,682","9,260","10,972","6,682","11,860","14,372","9,682"
,,,,,,,,,"7,463","6,782","5,598","8,663","7,982","6,798","10,463","9,782","8,598"
,,,,,,,,,"8,043","7,710","4,147","9,243","8,910","5,347","11,043","10,710","7,147"
,,,,,,,,,"8,623","7,113","4,603","9,823","8,313","5,803","11,623","10,353","7,363"
,,,,,,,,,"6,969","8,550","5,336","8,969","10,550","7,336","11,569","13,950","10,336"
,,,,,,,,,"5,723","7,810","5,183","6,923","9,010","6,383","8,483","11,050","8,183"
,,,,,,,,,"10,549","8,249","3,923","11,749","9,449","5,123","13,309","11,489","6,923"
,,,,,,,,,"6,800","7,577","4,935","8,000","8,777","6,135","10,040","10,577","7,695"
,,,,,,,,,"6,580","8,580","4,580","8,180","11,080","6,180","10,580","12,580","8,580"
,,,,,,,,,"8,263","8,908","4,023","9,863","10,508","5,623","12,263","12,908","8,023"
,,,,,,,,,"8,919","10,721","4,949","10,119","11,921","6,149","11,679","13,961","7,949"
,,,,,,,,,"8,710","10,763","5,001","9,910","11,963","6,201","11,470","13,763","8,241"
,,,,,,,,,"8,503","8,527","3,928","10,103","10,127","5,528","12,503","12,527","7,928"
,,,,,,,,,"8,942","8,725","3,970","10,542","10,325","5,570","12,942","12,725","7,970"
,,,,,,,,,"8,056","9,043","4,157","9,256","10,243","5,357","11,056","12,043","7,157"
,,,,,,,,,"9,230","10,887","4,585","10,430","12,087","5,785","12,230","14,127","7,345"
,,,,,,,,,"7,564","8,879","4,608","9,164","10,479","6,208","11,564","12,879","8,608"
,,,,,,,,,"7,317","9,110","4,444","8,917","10,710","6,044","11,317","13,110","8,444"
,,,,,,,,,"11,518","11,340","5,301","13,518","13,340","7,301","16,518","16,740","9,901"
,,,,,,,,,"10,336","9,711","5,597","11,536","10,911","6,797","13,336","12,711","8,597"
,,,,,,,,,"8,974","10,658","5,578","10,174","11,858","6,778","11,974","13,898","8,338"
,,,,,,,,,"9,547","10,632","5,552","10,747","11,832","6,752","12,307","13,632","8,792"
,,,,,,,,,"8,549","10,855","5,774","9,749","12,055","6,974","11,549","13,855","8,774"
,,,,,,,,,"12,491","11,248","5,823","13,690","12,445","7,023","15,490","14,485","8,583"
,,,,,,,,,"10,168","10,097","5,106","11,368","11,297","6,306","12,928","13,097","8,346"
,,,,,,,,,"9,543","10,304","5,158","10,743","11,504","6,358","12,543","13,304","8,158"
,,,,,,,,,"10,481","9,179","6,095","11,681","10,379","7,295","13,721","12,179","8,855"
,,,,,,,,,"7,641","10,470","6,604","8,841","11,670","7,804","10,401","13,710","9,604"
,,,,,,,,,"10,145","10,905","4,808","11,345","12,105","6,008","13,145","13,905","7,808"
,,,,,,,,,"12,974","9,904","4,644","14,174","11,104","5,844","15,734","12,904","7,884"
,,,,,,,,,"10,579","9,686","6,114","11,779","10,886","7,314","13,579","12,926","8,874"
,,,,,,,,,"9,537","11,109","5,158","10,737","12,309","6,359","12,297","14,349","8,158"
,,,,,,,,,"10,092","10,932","5,103","11,292","12,132","6,303","13,092","13,932","8,103"
,,,,,,,,,"10,097","10,637","5,895","11,297","11,837","7,095","13,337","13,637","8,655"
,,,,,,,,,"7,877","10,430","5,834","9,077","11,630","7,034","10,877","13,430","8,834"
,,,,,,,,,"9,211","11,886","6,537","10,811","13,486","8,137","13,211","15,886","10,537"
,,,,,,,,,"8,838","11,341","4,917","10,038","12,541","6,117","11,598","14,341","8,157"
,,,,,,,,,"7,545","8,884","4,430","9,145","10,484","6,030","11,545","12,884","8,430"
,,,,,,,,,"9,761","10,584","5,812","10,961","11,784","7,012","12,761","13,824","8,572"
,,,,,,,,,"9,806","9,268","4,504","11,006","10,468","5,704","12,566","12,268","7,744"
,,,,,,,,,"9,647","10,139","5,314","10,847","11,339","6,514","12,647","13,139","8,314"
,,,,,,,,,"9,230","10,596","4,949","10,430","11,796","6,149","12,230","13,596","7,949"
,,,,,,,,,"12,971","10,710","5,362","14,171","11,910","6,562","16,211","13,710","8,122"
,,,,,,,,,"11,163","9,569","6,014","12,363","10,769","7,214","13,923","12,809","9,014"
,,,,,,,,,"12,257","9,229","6,750","13,457","10,429","7,950","15,257","12,229","9,750"
,,,,,,,,,"11,798","9,687","6,405","12,998","10,887","7,605","14,798","12,927","9,165"
,,,,,,,,,"10,703","9,758","4,737","11,903","10,958","5,937","13,463","12,758","7,977"
,,,,,,,,,"11,089","10,488","5,158","12,289","11,688","6,358","13,849","13,728","8,158"
,,,,,,,,,"8,814","10,679","5,054","10,014","11,879","6,258","11,574","13,919","8,054"
,,,,,,,,,"9,126","10,221","5,470","10,326","11,421","6,670","12,126","13,221","8,470"
,,,,,,,,,"11,194","9,470","4,832","12,394","10,670","6,032","14,434","12,470","7,592"
,,,,,,,,,"11,458","9,510","5,039","12,658","10,710","6,239","14,698","12,510","7,799"
,,,,,,,,,"14,360","10,726","6,002","15,560","11,926","7,202","17,120","13,966","9,002"
,,,,,,,,,"7,457","8,876","4,467","8,657","10,076","5,667","10,217","11,876","7,707"
,,,,,,,,,"7,135","9,069","4,385","8,335","10,269","5,585","10,375","12,069","7,145"
,,,,,,,,,"6,893","9,295","4,225","8,493","10,895","5,825","10,893","13,295","8,225"
,,,,,,,,,"6,651","8,972","4,749","8,251","10,572","6,349","10,651","12,972","8,749"
,,,,,,,,,"7,941","9,038","4,023","9,541","10,638","5,623","11,941","13,038","8,023"
,,,,,,,,,"7,699","9,102","4,063","9,299","10,702","5,663","11,699","13,102","8,063"
,,,,,,,,,"6,788","10,094","5,886","8,388","11,694","7,486","10,788","14,094","9,886"
,,,,,,,,,"11,798","9,734","6,348","12,998","10,934","7,548","14,558","12,734","9,588"
,,,,,,,,,"10,879","10,513","5,832","12,079","11,713","7,032","13,879","13,513","8,832"
,,,,,,,,,"14,360","9,872","6,569","15,560","11,072","7,769","17,360","13,112","9,329"
,,,,,,,,,"8,188","10,345","5,782","9,388","11,545","6,982","11,188","13,345","8,782"
,,,,,,,,,"7,981","10,637","5,522","9,181","11,837","6,722","10,981","13,877","8,282"
,,,,,,,,,"8,605","10,512","5,366","9,805","11,712","6,566","11,845","13,512","8,126"
,,,,,,,,,"10,688","9,730","6,005","11,888","10,930","7,205","13,448","12,970","9,005"
,,,,,,,,,"12,847","10,678","6,317","14,047","11,878","7,517","15,847","13,918","9,077"
,,,,,,,,,"10,272","10,345","4,741","11,472","11,545","5,941","13,512","13,345","7,501"
,,,,,,,,,"12,187","11,072","5,690","13,387","12,272","6,890","14,947","14,072","8,930"
,,,,,,,,,"11,818","10,285","6,858","13,018","11,485","8,058","14,578","13,525","9,858"
,,,,,,,,,"12,064","11,415","5,321","13,264","12,615","6,521","15,064","14,655","8,081"
,,,,,,,,,"13,226","10,023","6,947","14,426","11,223","8,147","15,986","13,023","10,187"
,,,,,,,,,"12,973","9,868","4,992","14,173","11,068","6,192","16,213","12,868","7,752"
,,,,,,,,,"9,021","10,845","4,741","10,221","12,045","5,941","12,021","14,085","7,501"
,,,,,,,,,"13,104","9,840","6,221","14,304","11,040","7,421","16,344","12,840","8,981"
,,,,,,,,,"12,722","10,779","6,255","13,922","11,979","7,455","15,482","13,779","9,495"
,,,,,,,,,"9,334","10,471","5,054","10,534","11,671","6,254","12,094","13,471","8,294"
,,,,,,,,,"12,684","10,159","5,827","14,684","12,159","7,827","17,284","15,159","11,227"
,,,,,,,,,"10,839","9,474","6,127","12,839","11,474","8,127","15,439","14,874","11,127"
,,,,,,,,,"12,923","11,211","4,394","14,923","13,211","6,394","17,523","16,611","9,394"
,,,,,,,,,"14,384","10,083","6,411","15,584","11,283","7,611","17,384","13,323","9,171"
,,,,,,,,,"10,313","10,355","5,713","11,513","11,555","6,913","13,553","13,355","8,473"
,,,,,,,,,"7,295","9,262","4,063","8,895","10,862","5,663","11,295","13,262","8,063"
,,,,,,,,,"10,213","10,766","5,275","11,413","11,966","6,475","13,453","13,766","8,035"
,,,,,,,,,"14,738","9,721","6,569","15,938","10,921","7,769","17,978","12,721","9,329"
,,,,,,,,,"11,083","9,670","8,460","12,283","10,870","9,660","13,843","12,910","11,460"
,,,,,,,,,"14,547","10,506","5,181","16,147","12,106","6,781","18,547","14,506","9,181"
,,,,,,,,,"12,674","9,911","5,899","13,874","11,111","7,099","15,674","13,151","8,659"
,,,,,,,,,"13,282","9,203","6,724","14,482","10,403","7,924","16,282","12,203","9,724"
,,,,,,,,,"10,729","9,913","5,632","11,929","11,113","6,832","13,729","13,153","8,392"
,,,,,,,,,"10,039","10,658","5,194","11,239","11,858","6,394","13,279","13,658","7,954"
,,,,,,,,,"11,083","10,880","6,947","12,283","12,080","8,147","13,843","14,120","9,947"
,,,,,,,,,"8,555","7,931","4,600","10,155","9,531","6,200","12,555","11,931","8,600"
,,,,,,,,,"9,543","9,846","5,730","10,743","11,046","6,930","12,543","13,086","8,490"
,,,,,,,,,"11,759","9,877","6,498","12,959","11,077","7,698","14,519","12,877","9,738"
,,,,,,,,,"11,847","10,064","6,365","13,047","11,264","7,565","14,847","13,304","9,125"
,,,,,,,,,"11,249","10,398","6,247","12,449","11,598","7,447","14,009","13,638","9,247"
,,,,,,,,,"8,292","10,262","5,835","9,492","11,462","7,035","11,292","13,262","8,835"
,,,,,,,,,"12,973","10,578","6,380","14,173","11,778","7,580","15,733","13,818","9,380"
,,,,,,,,,"12,234","9,639","6,558","13,434","10,839","7,758","15,234","12,639","9,558"
,,,,,,,,,"13,848","10,091","4,701","15,048","11,291","5,901","17,088","13,091","7,461"
,,,,,,,,,"11,310","9,292","6,544","12,510","10,492","7,744","14,310","12,292","9,544"
,,,,,,,,,"10,727","9,589","5,699","11,927","10,789","6,899","13,727","12,829","8,459"
,,,,,,,,,"11,531","9,512","6,156","12,731","10,712","7,356","14,531","12,752","8,916"
,,,,,,,,,"12,801","11,229","5,198","14,001","12,429","6,398","15,561","14,229","8,438"
,,,,,,,,,"13,057","10,256","6,674","15,057","12,256","8,674","18,057","15,256","11,674"
,,,,,,,,,"12,192","11,010","6,166","13,392","12,210","7,366","14,952","14,250","9,166"
,,,,,,,,,"9,758","9,602","6,931","10,958","10,802","8,131","12,998","12,602","9,691"
,,,,,,,,,"14,107","11,031","5,246","15,307","12,231","6,446","16,867","14,271","8,246"
,,,,,,,,,"9,334","10,971","4,429","10,534","12,171","5,629","12,334","13,971","7,429"
,,,,,,,,,"9,400","8,064","4,444","10,600","9,264","5,644","12,160","11,064","7,684"
,,,,,,,,,"12,649","10,677","6,288","13,849","11,877","7,488","15,649","13,917","9,018"
,,,,,,,,,"9,644","7,725","4,794","10,844","8,925","5,994","12,884","10,725","7,554"
,,,,,,,,,"7,541","9,027","4,387","8,741","10,227","5,587","10,301","12,267","7,387"
,,,,,,,,,"15,800","15,100","8,220","17,800","17,100","10,220","20,400","20,500","13,220"
,,,,,,,,,"14,300","10,030","13,100","16,300","12,030","15,100","19,300","15,030","18,100"
,,,,,,,,,"16,140","11,122","8,077","18,140","13,122","10,077","20,740","16,522","13,077"
,,,,,,,,,"13,872","12,548","7,429","15,872","14,548","9,429","18,872","17,948","12,029"
,,,,,,,,,"15,816","12,094","7,024","17,816","14,094","9,024","21,216","17,094","11,624"
,,,,,,,,,"15,266","13,723","8,526","17,266","15,723","10,526","19,866","18,723","13,926"
,,,,,,,,,"13,613","14,090","8,894","15,613","16,090","10,894","18,613","19,490","13,494"
,,,,,,,,,"13,425","14,330","10,375","15,425","16,330","12,375","18,025","19,330","15,775"
,,,,,,,,,"15,006","12,678","6,700","17,006","14,678","8,700","20,006","17,678","11,700"
,,,,,,,,,"14,034","10,280","10,183","16,034","12,280","12,183","19,434","15,280","14,783"
,,,,,,,,,"14,715","14,384","7,975","16,715","16,384","9,975","20,115","19,384","12,575"
,,,,,,,,,"16,788","10,734","8,239","17,988","11,934","9,439","19,788","13,974","10,999"
,,,,,,,,,"17,112","11,965","6,538","19,112","13,965","8,538","21,712","17,365","11,538"
,,,,,,,,,"12,900","12,937","7,429","14,900","14,937","9,429","17,500","17,937","12,829"
,,,,,,,,,"13,710","12,872","7,105","15,710","14,872","9,105","18,310","17,872","12,505"
,,,,,,,,,"12,090","12,807","7,996","14,090","14,807","9,996","17,090","17,807","12,996"
,,,,,,,,,"17,130","13,940","9,010","19,130","15,940","11,010","22,530","18,940","13,610"
,,,,,,,,,"13,548","13,002","7,024","15,548","15,002","9,024","18,148","18,402","12,024"
,,,,,,,,,"13,062","13,131","7,105","15,062","15,131","9,105","18,462","18,131","11,705"
,,,,,,,,,"12,738","13,196","7,186","14,738","15,196","9,186","17,738","18,596","11,786"
,,,,,,,,,"24,150","12,392","7,060","26,150","14,392","9,060","29,150","17,792","11,660"
,,,,,,,,,"14,682","11,576","8,239","16,682","13,576","10,239","20,082","16,576","12,839"
,,,,,,,,,"14,034","11,900","8,158","16,034","13,900","10,158","18,634","17,300","13,158"
,,,,,,,,,"14,520","12,548","7,105","16,520","14,548","9,105","19,120","17,548","12,505"
,,,,,,,,,"20,835","14,018","7,060","22,835","16,018","9,060","25,835","19,018","12,060"
,,,,,,,,,"15,083","13,355","9,078","17,083","15,355","11,078","20,083","18,355","14,078"
,,,,,,,,,"12,878","13,649","9,813","14,878","15,649","11,813","17,478","19,049","14,813"
,,,,,,,,,"15,200","16,975","8,806","17,200","18,975","10,806","20,200","21,975","13,806"
,,,,,,,,,"17,113","15,530","9,656","19,113","17,530","11,656","22,513","20,530","14,256"
,,,,,,,,,"14,988","16,040","10,081","16,988","18,040","12,081","19,588","21,040","15,481"
,,,,,,,,,"14,775","17,060","8,913","16,775","19,060","10,913","19,375","22,460","13,913"
,,,,,,,,,"16,688","14,425","11,250","18,688","16,425","13,250","21,688","19,825","15,850"
,,,,,,,,,"13,713","16,295","10,400","15,713","18,295","12,400","19,113","21,295","15,000"
,,,,,,,,,"13,777","17,777","8,777","15,777","19,777","10,777","18,377","23,177","13,777"
,,,,,,,,,"17,325","15,615","9,444","19,325","17,615","11,444","22,325","21,015","14,044"
,,,,,,,,,"16,475","16,465","8,806","18,475","18,465","10,806","21,475","21,465","13,806"
,,,,,,,,,"18,175","15,020","9,763","20,175","17,020","11,763","22,775","20,020","15,163"
,,,,,,,,,"13,288","16,805","9,975","15,288","18,805","11,975","18,288","21,805","14,975"
,,,,,,,,,"18,600","15,785","8,594","20,600","17,785","10,594","23,200","20,785","13,994"
,,,,,,,,,"15,838","17,400","7,956","17,838","19,400","9,956","20,838","22,800","12,556"
,,,,,,,,,"16,688","15,825","8,913","18,688","17,825","10,913","22,088","20,825","13,513"
,,,,,,,,,"17,113","16,380","8,594","19,113","18,380","10,594","21,713","21,780","13,594"
,,,,,,,,,"19,025","16,040","8,063","21,025","18,040","10,063","24,025","21,040","13,063"
,,,,,,,,,"21,575","12,895","10,719","23,575","14,895","12,719","26,575","18,295","15,319"
,,,,,,,,,"18,813","15,105","9,338","20,813","17,105","11,338","23,813","20,105","14,338"
,,,,,,,,,"20,088","14,595","9,338","22,088","16,595","11,338","24,688","19,595","14,738"
,,,,,,,,,"17,538","15,870","9,019","19,538","17,870","11,019","22,138","20,870","14,419"
,,,,,,,,,"14,138","16,295","10,188","16,138","18,295","12,188","19,138","21,695","14,788"
,,,,,,,,,"18,175","15,615","9,019","20,175","17,615","11,019","23,575","20,615","13,619"
,,,,,,,,,"19,025","15,360","8,913","21,025","17,360","10,913","23,625","20,760","13,913"
,,,,,,,,,"23,063","11,025","12,313","25,063","13,025","14,313","28,063","16,425","16,913"
,,,,,,,,,"23,063","14,000","8,594","25,063","16,000","10,594","28,063","19,000","13,594"
,,,,,,,,,"17,325","13,150","12,525","19,325","15,150","14,525","21,925","18,550","17,525"
,,,,,,,,,"16,263","15,700","9,869","18,263","17,700","11,869","21,663","20,700","14,469"
,,,,,,,,,"19,663","13,490","10,931","21,663","15,490","12,931","24,663","18,490","15,931"
,,,,,,,,,"18,388","16,720","7,531","20,388","18,720","9,531","22,988","21,720","12,931"
,,,,,,,,,"17,538","16,380","8,381","19,538","18,380","10,381","22,538","21,780","12,981"
,,,,,,,,,"16,900","16,125","9,019","18,900","18,125","11,019","21,500","21,525","14,019"
,,,,,,,,,"18,813","16,890","7,106","20,813","18,890","9,106","23,413","21,890","12,506"
,,,,,,,,,"19,875","16,720","6,788","21,875","18,720","8,788","24,475","22,120","11,788"
,,,,,,,,,"19,025","17,230","6,575","21,025","19,230","8,575","24,025","22,630","11,175"
,,,,,,,,,"15,625","16,295","9,444","17,625","18,295","11,444","21,025","21,295","14,044"
,,,,,,,,,"20,300","16,250","7,000","22,300","18,250","9,000","25,300","21,650","11,600"
,,,,,,,,,"17,750","15,700","9,125","19,750","17,700","11,125","22,350","20,700","14,525"
,,,,,,,,,"16,688","14,850","10,719","18,688","16,850","12,719","21,688","19,850","15,719"
,,,,,,,,,"16,688","16,125","9,125","18,688","18,125","11,125","21,288","21,525","14,125"
,,,,,,,,,"16,050","16,975","8,381","18,050","18,975","10,381","21,050","21,975","13,381"
,,,,,,,,,"16,475","16,675","8,169","18,475","18,675","10,169","21,075","22,075","13,169"
,,,,,,,,,"16,688","17,185","7,425","18,688","19,185","9,425","22,088","22,185","12,025"
,,,,,,,,,"17,750","15,910","8,488","19,750","17,910","10,488","22,750","20,910","13,488"
,,,,,,,,,"16,900","16,210","8,488","18,900","18,210","10,488","21,500","21,210","13,888"
,,,,,,,,,"16,688","17,400","7,531","18,688","19,400","9,531","22,088","22,400","12,131"
,,,,,,,,,"17,325","13,235","12,419","19,325","15,235","14,419","21,925","18,635","17,419"
,,,,,,,,,"16,900","15,020","10,400","18,900","17,020","12,400","21,900","20,420","15,000"
,,,,,,,,,"17,113","16,040","9,019","19,113","18,040","11,019","22,513","21,040","13,619"
,,,,,,,,,"22,425","12,725","10,506","24,425","14,725","12,506","27,425","17,725","15,506"
,,,,,,,,,"14,563","15,700","10,719","16,563","17,700","12,719","19,163","20,700","16,119"
,,,,,,,,,"17,963","15,530","9,231","19,963","17,530","11,231","22,563","20,930","14,231"
,,,,,,,,,"17,325","15,275","9,869","19,325","17,275","11,869","22,325","20,675","14,469"
,,,,,,,,,"13,075","14,935","12,419","15,075","16,935","14,419","17,675","19,935","17,819"
,,,,,,,,,"14,775","13,745","13,056","16,775","15,745","15,056","19,775","18,745","18,056"
,,,,,,,,,"24,338","13,830","8,169","26,338","15,830","10,169","29,338","19,230","12,769"
,,,,,,,,,"20,513","11,960","12,419","22,513","13,960","14,419","25,913","16,960","17,019"
,,,,,,,,,"19,238","12,555","12,313","21,238","14,555","14,313","24,238","17,555","17,313"